wallet,from_address,to_address,value_eth,gas_used,gas_price_gwei,timestamp,hour_utc,day_of_week,is_new_recipient,is_round_amount,tx_count_10min,period_volume_eth,amount_zscore,recipient_cluster,anomaly_label,anomaly_type
0x0000000000000000000000000000000000000007,0x0000000000000000000000000000000000000007,0x0000000000000000000000000000000000000066,0.011852,57973,17.85,2024-09-01 10:00:00,10,6,0,0,3,0.015446,0.11,1,0,NONE
0x0000000000000000000000000000000000000002,0x0000000000000000000000000000000000000002,0x000000000000000000000000000000000000007d,0.016675,74134,22.39,2024-09-01 10:00:00,10,6,0,0,1,0.035098,-0.503,3,0,NONE
0x0000000000000000000000000000000000000006,0x0000000000000000000000000000000000000006,0x0000000000000000000000000000000000000069,0.229392,49809,39.09,2024-09-01 10:00:00,10,6,0,0,2,0.438137,-0.562,2,0,NONE
0x0000000000000000000000000000000000000009,0x0000000000000000000000000000000000000009,0x0000000000000000000000000000000000000072,0.217716,50918,10.05,2024-09-01 10:00:00,10,6,0,0,1,0.542884,1.228,2,0,NONE
0x0000000000000000000000000000000000000004,0x0000000000000000000000000000000000000004,0x0000000000000000000000000000000000000064,0.212086,39171,70.09,2024-09-01 10:00:00,10,6,0,0,1,0.383944,0.896,0,0,NONE
0x000000000000000000000000000000000000000a,0x000000000000000000000000000000000000000a,0x000000000000000000000000000000000000007c,0.212247,71472,50.93,2024-09-01 10:25:00,10,6,0,0,1,0.355376,-0.558,0,0,NONE
0x000000000000000000000000000000000000000c,0x000000000000000000000000000000000000000c,0x0000000000000000000000000000000000000068,0.256791,61270,40.36,2024-09-01 10:38:00,10,6,0,0,2,0.628622,-0.35,0,0,NONE
0x0000000000000000000000000000000000000004,0x0000000000000000000000000000000000000004,0x000000000000000000000000000000000000007b,0.015265,72329,73.61,2024-09-01 10:39:00,10,6,0,0,2,0.025753,1.392,0,0,NONE
0x0000000000000000000000000000000000000005,0x0000000000000000000000000000000000000005,0x0000000000000000000000000000000000000071,0.770227,44874,57.35,2024-09-01 10:39:00,10,6,0,0,2,1.475673,0.757,3,0,NONE
0x0000000000000000000000000000000000000009,0x0000000000000000000000000000000000000009,0x0000000000000000000000000000000000000066,0.174742,63899,35.23,2024-09-01 10:43:00,10,6,0,0,3,0.41164,-1.003,3,0,NONE
0x0000000000000000000000000000000000000008,0x0000000000000000000000000000000000000008,0x0000000000000000000000000000000000000072,0.026989,44587,63.29,2024-09-01 10:47:00,10,6,0,0,1,0.034575,-0.153,3,0,NONE
0x0000000000000000000000000000000000000006,0x0000000000000000000000000000000000000006,0x0000000000000000000000000000000000000067,0.01841,24316,30.31,2024-09-01 10:52:00,10,6,0,0,3,0.029957,1.388,1,0,NONE
0x000000000000000000000000000000000000000e,0x000000000000000000000000000000000000000e,0x000000000000000000000000000000000000006a,0.127444,48043,73.39,2024-09-01 10:52:00,10,6,0,0,1,0.158213,-0.838,2,0,NONE
0x0000000000000000000000000000000000000006,0x0000000000000000000000000000000000000006,0x0000000000000000000000000000000000000070,0.10613,29569,63.25,2024-09-01 10:52:00,10,6,0,0,1,0.156932,-0.101,2,0,NONE
0x000000000000000000000000000000000000000d,0x000000000000000000000000000000000000000d,0x000000000000000000000000000000000000006a,0.528022,28913,75.12,2024-09-01 11:00:00,11,6,0,0,2,1.181096,-0.928,2,0,NONE
0x000000000000000000000000000000000000000f,0x000000000000000000000000000000000000000f,0x0000000000000000000000000000000000000081,0.026078,26909,48.47,2024-09-01 11:00:00,11,6,0,0,3,0.06187,-0.456,2,0,NONE
0x0000000000000000000000000000000000000003,0x0000000000000000000000000000000000000003,0x000000000000000000000000000000000000006c,0.063064,64281,15.68,2024-09-01 11:00:00,11,6,0,0,3,0.070165,-1.492,3,0,NONE
0x0000000000000000000000000000000000000007,0x0000000000000000000000000000000000000007,0x0000000000000000000000000000000000000081,0.022521,51937,12.22,2024-09-01 11:04:00,11,6,0,0,1,0.048392,1.435,3,0,NONE
0x000000000000000000000000000000000000000a,0x000000000000000000000000000000000000000a,0x000000000000000000000000000000000000007e,0.027968,72180,78.78,2024-09-01 11:15:00,11,6,0,0,2,0.043584,0.391,0,0,NONE
0x000000000000000000000000000000000000000d,0x000000000000000000000000000000000000000d,0x0000000000000000000000000000000000000074,0.337955,69248,13.4,2024-09-01 11:16:00,11,6,0,0,3,0.582769,0.025,1,0,NONE
0x000000000000000000000000000000000000000e,0x000000000000000000000000000000000000000e,0x000000000000000000000000000000000000007f,0.150297,54238,54.21,2024-09-01 11:20:00,11,6,0,0,3,0.241633,0.27,0,0,NONE
0x0000000000000000000000000000000000000007,0x0000000000000000000000000000000000000007,0x000000000000000000000000000000000000007b,0.088667,35280,50.48,2024-09-01 11:24:00,11,6,1,0,2,0.181819,0.123,0,0,NONE
0x0000000000000000000000000000000000000005,0x0000000000000000000000000000000000000005,0x0000000000000000000000000000000000000068,0.116681,26057,30.71,2024-09-01 11:25:00,11,6,0,0,3,0.251601,1.005,0,0,NONE
0x000000000000000000000000000000000000000c,0x000000000000000000000000000000000000000c,0x0000000000000000000000000000000000000069,0.779896,41539,54.41,2024-09-01 11:28:00,11,6,1,0,2,1.024841,0.821,1,0,NONE
0x0000000000000000000000000000000000000009,0x0000000000000000000000000000000000000009,0x000000000000000000000000000000000000007f,0.380297,76513,56.09,2024-09-01 11:28:00,11,6,0,0,3,0.726516,-0.934,3,0,NONE
0x000000000000000000000000000000000000000f,0x000000000000000000000000000000000000000f,0x0000000000000000000000000000000000000072,0.011941,47473,50.24,2024-09-01 11:32:00,11,6,0,0,2,0.021008,0.176,2,0,NONE
0x0000000000000000000000000000000000000002,0x0000000000000000000000000000000000000002,0x000000000000000000000000000000000000006c,0.103958,31433,65.12,2024-09-01 11:39:00,11,6,0,0,1,0.237844,-0.833,3,0,NONE
0x000000000000000000000000000000000000000b,0x000000000000000000000000000000000000000b,0x0000000000000000000000000000000000000076,0.120907,25039,20.58,2024-09-01 11:42:00,11,6,0,0,1,0.136451,-0.469,3,0,NONE
0x000000000000000000000000000000000000000f,0x000000000000000000000000000000000000000f,0x000000000000000000000000000000000000007a,0.037783,75537,28.43,2024-09-01 11:45:00,11,6,0,0,2,0.075964,0.963,0,0,NONE
0x0000000000000000000000000000000000000003,0x0000000000000000000000000000000000000003,0x0000000000000000000000000000000000000065,0.044072,31873,65.48,2024-09-01 11:51:00,11,6,0,0,3,0.10497,-0.183,3,0,NONE
0x000000000000000000000000000000000000000a,0x000000000000000000000000000000000000000a,0x0000000000000000000000000000000000000081,0.329471,73482,37.51,2024-09-01 12:00:00,12,6,0,0,2,0.486657,-0.684,0,0,NONE
0x000000000000000000000000000000000000000b,0x000000000000000000000000000000000000000b,0x0000000000000000000000000000000000000069,0.058053,45315,71.98,2024-09-01 12:00:00,12,6,0,0,2,0.061938,-0.181,2,0,NONE
0x0000000000000000000000000000000000000008,0x0000000000000000000000000000000000000008,0x0000000000000000000000000000000000000068,0.207954,45903,59.82,2024-09-01 12:00:00,12,6,0,0,3,0.329489,-0.418,0,0,NONE
0x000000000000000000000000000000000000000e,0x000000000000000000000000000000000000000e,0x0000000000000000000000000000000000000067,0.183344,23737,10.35,2024-09-01 12:00:00,12,6,0,0,3,0.333922,-1.245,1,0,NONE
0x0000000000000000000000000000000000000004,0x0000000000000000000000000000000000000004,0x0000000000000000000000000000000000000074,0.441911,28448,62.2,2024-09-01 12:02:00,12,6,0,0,2,0.782119,-1.173,1,0,NONE
0x000000000000000000000000000000000000000e,0x000000000000000000000000000000000000000e,0x0000000000000000000000000000000000000079,0.026573,73406,49.71,2024-09-01 12:02:00,12,6,1,0,3,0.044959,0.149,2,0,NONE
0x000000000000000000000000000000000000000a,0x000000000000000000000000000000000000000a,0x0000000000000000000000000000000000000072,0.17359,41205,42.43,2024-09-01 12:08:00,12,6,0,0,1,0.214631,0.558,0,0,NONE
0x0000000000000000000000000000000000000007,0x0000000000000000000000000000000000000007,0x0000000000000000000000000000000000000071,0.303231,50936,49.47,2024-09-01 12:26:00,12,6,0,0,3,0.670254,0.67,3,0,NONE
0x0000000000000000000000000000000000000009,0x0000000000000000000000000000000000000009,0x000000000000000000000000000000000000006f,0.158265,41740,19.24,2024-09-01 12:30:00,12,6,0,0,3,0.258177,0.139,1,0,NONE
0x000000000000000000000000000000000000000e,0x000000000000000000000000000000000000000e,0x000000000000000000000000000000000000006b,0.0237,70903,44.13,2024-09-01 12:36:00,12,6,1,0,2,0.032019,0.506,2,0,NONE
0x000000000000000000000000000000000000000f,0x000000000000000000000000000000000000000f,0x000000000000000000000000000000000000007d,0.104785,54638,76.97,2024-09-01 12:44:00,12,6,0,0,3,0.144102,-0.172,3,0,NONE
0x0000000000000000000000000000000000000006,0x0000000000000000000000000000000000000006,0x000000000000000000000000000000000000007f,0.028421,28044,40.16,2024-09-01 12:45:00,12,6,0,0,3,0.044015,-0.29,0,0,NONE
0x000000000000000000000000000000000000000f,0x000000000000000000000000000000000000000f,0x0000000000000000000000000000000000000067,0.236447,26143,57.31,2024-09-01 12:48:00,12,6,0,0,3,0.238796,1.071,0,0,NONE
0x0000000000000000000000000000000000000009,0x0000000000000000000000000000000000000009,0x000000000000000000000000000000000000006b,0.056568,24013,43.02,2024-09-01 12:51:00,12,6,0,0,1,0.071753,1.381,0,0,NONE
0x000000000000000000000000000000000000000b,0x000000000000000000000000000000000000000b,0x0000000000000000000000000000000000000073,0.153082,40585,15.53,2024-09-01 12:54:00,12,6,0,0,3,0.161056,0.214,1,0,NONE
0x0000000000000000000000000000000000000003,0x0000000000000000000000000000000000000003,0x0000000000000000000000000000000000000066,0.044954,36002,77.33,2024-09-01 12:55:00,12,6,0,0,3,0.084544,-1.438,2,0,NONE
0x0000000000000000000000000000000000000003,0x0000000000000000000000000000000000000003,0x0000000000000000000000000000000000000076,0.483585,64331,66.27,2024-09-01 12:56:00,12,6,0,0,1,0.878598,0.443,2,0,NONE
0x000000000000000000000000000000000000000f,0x000000000000000000000000000000000000000f,0x000000000000000000000000000000000000007c,0.03312,43260,77.29,2024-09-01 12:57:00,12,6,0,0,2,0.077659,1.086,3,0,NONE
0x0000000000000000000000000000000000000005,0x0000000000000000000000000000000000000005,0x000000000000000000000000000000000000006f,0.108468,22194,35.38,2024-09-01 13:00:00,13,6,0,0,1,0.164069,0.798,1,0,NONE
0x000000000000000000000000000000000000000c,0x000000000000000000000000000000000000000c,0x0000000000000000000000000000000000000071,0.1237,58316,72.5,2024-09-01 13:00:00,13,6,0,0,1,0.182405,0.647,0,0,NONE
0x000000000000000000000000000000000000000a,0x000000000000000000000000000000000000000a,0x0000000000000000000000000000000000000064,0.080887,47502,69.82,2024-09-01 13:00:00,13,6,0,0,3,0.111202,-0.114,1,0,NONE
0x0000000000000000000000000000000000000001,0x0000000000000000000000000000000000000001,0x000000000000000000000000000000000000006b,0.14898,35628,19.77,2024-09-01 13:00:00,13,6,0,0,3,0.348355,-1.239,3,0,NONE
0x0000000000000000000000000000000000000008,0x0000000000000000000000000000000000000008,0x000000000000000000000000000000000000006c,0.02401,53317,20.22,2024-09-01 13:04:00,13,6,0,0,2,0.039176,-0.047,0,0,NONE
0x0000000000000000000000000000000000000009,0x0000000000000000000000000000000000000009,0x0000000000000000000000000000000000000064,0.064401,59493,14.73,2024-09-01 13:07:00,13,6,0,0,1,0.153524,1.346,3,0,NONE
0x0000000000000000000000000000000000000004,0x0000000000000000000000000000000000000004,0x0000000000000000000000000000000000000068,0.027563,21973,35.08,2024-09-01 13:11:00,13,6,0,0,3,0.040949,-0.977,0,0,NONE
0x0000000000000000000000000000000000000003,0x0000000000000000000000000000000000000003,0x0000000000000000000000000000000000000079,0.151969,77974,47.98,2024-09-01 13:12:00,13,6,0,0,1,0.270149,0.368,3,0,NONE
0x0000000000000000000000000000000000000007,0x0000000000000000000000000000000000000007,0x0000000000000000000000000000000000000072,0.046592,28617,57.62,2024-09-01 13:14:00,13,6,0,0,2,0.052948,0.031,0,0,NONE
0x0000000000000000000000000000000000000009,0x0000000000000000000000000000000000000009,0x0000000000000000000000000000000000000071,0.030355,63957,16.38,2024-09-01 13:14:00,13,6,0,0,1,0.052065,-1.102,1,0,NONE
0x0000000000000000000000000000000000000001,0x0000000000000000000000000000000000000001,0x000000000000000000000000000000000000006a,0.069536,36247,45.37,2024-09-01 13:19:00,13,6,1,0,1,0.14422,0.604,3,0,NONE
0x0000000000000000000000000000000000000005,0x0000000000000000000000000000000000000005,0x0000000000000000000000000000000000000078,0.18048,52495,71.19,2024-09-01 13:24:00,13,6,0,0,1,0.37307,0.048,0,0,NONE
0x0000000000000000000000000000000000000007,0x0000000000000000000000000000000000000007,0x0000000000000000000000000000000000000067,0.086699,59924,12.35,2024-09-01 13:24:00,13,6,0,0,3,0.200129,-0.766,0,0,NONE
0x000000000000000000000000000000000000000a,0x000000000000000000000000000000000000000a,0x0000000000000000000000000000000000000068,0.174473,26977,59.78,2024-09-01 13:27:00,13,6,0,0,2,0.30885,0.532,2,0,NONE
0x0000000000000000000000000000000000000005,0x0000000000000000000000000000000000000005,0x000000000000000000000000000000000000006d,0.144945,73993,64.91,2024-09-01 13:32:00,13,6,0,0,1,0.22492,1.341,3,0,NONE
0x0000000000000000000000000000000000000001,0x0000000000000000000000000000000000000001,0x0000000000000000000000000000000000000067,0.5105,27078,36.59,2024-09-01 13:33:00,13,6,0,0,2,0.972803,0.921,3,0,NONE
0x0000000000000000000000000000000000000008,0x0000000000000000000000000000000000000008,0x000000000000000000000000000000000000006f,0.076426,57321,16.51,2024-09-01 13:38:00,13,6,0,0,2,0.175442,-1.463,3,0,NONE
0x0000000000000000000000000000000000000005,0x0000000000000000000000000000000000000005,0x000000000000000000000000000000000000007c,0.019652,46026,45.2,2024-09-01 13:40:00,13,6,0,0,1,0.043732,0.904,1,0,NONE
0x000000000000000000000000000000000000000c,0x000000000000000000000000000000000000000c,0x0000000000000000000000000000000000000064,0.041078,79458,32.55,2024-09-01 13:45:00,13,6,0,0,1,0.042182,-1.488,1,0,NONE
0x0000000000000000000000000000000000000001,0x0000000000000000000000000000000000000001,0x000000000000000000000000000000000000006c,0.17857,74046,70.85,2024-09-01 13:46:00,13,6,0,0,1,0.36557,-0.479,1,0,NONE
0x0000000000000000000000000000000000000001,0x0000000000000000000000000000000000000001,0x0000000000000000000000000000000000000079,0.10974,68233,18.02,2024-09-01 13:48:00,13,6,0,0,2,0.236259,-0.479,2,0,NONE
0x000000000000000000000000000000000000000d,0x000000000000000000000000000000000000000d,0x0000000000000000000000000000000000000064,0.292325,69737,27.59,2024-09-01 13:48:00,13,6,0,0,2,0.656262,1.234,2,0,NONE
0x000000000000000000000000000000000000000f,0x000000000000000000000000000000000000000f,0x000000000000000000000000000000000000006b,0.621618,69197,26.94,2024-09-01 13:51:00,13,6,0,0,1,0.810683,-0.751,2,0,NONE
0x000000000000000000000000000000000000000c,0x000000000000000000000000000000000000000c,0x0000000000000000000000000000000000000079,0.338013,28085,55.75,2024-09-01 13:52:00,13,6,1,0,3,0.396721,-0.167,0,0,NONE
0x0000000000000000000000000000000000000008,0x0000000000000000000000000000000000000008,0x000000000000000000000000000000000000007b,0.001679,57669,73.36,2024-09-01 13:54:00,13,6,0,0,3,0.002991,0.556,1,0,NONE
0x0000000000000000000000000000000000000003,0x0000000000000000000000000000000000000003,0x0000000000000000000000000000000000000073,0.246223,55010,55.61,2024-09-01 14:00:00,14,6,0,0,1,0.614429,-0.192,3,0,NONE
0x000000000000000000000000000000000000000f,0x000000000000000000000000000000000000000f,0x0000000000000000000000000000000000000073,0.022419,41569,34.75,2024-09-01 14:00:00,14,6,0,0,2,0.028566,0.738,1,0,NONE
0x000000000000000000000000000000000000000d,0x000000000000000000000000000000000000000d,0x0000000000000000000000000000000000000065,0.094308,62500,68.62,2024-09-01 14:01:00,14,6,0,0,2,0.159011,0.268,1,0,NONE
0x000000000000000000000000000000000000000f,0x000000000000000000000000000000000000000f,0x0000000000000000000000000000000000000070,0.014895,62527,65.21,2024-09-01 14:04:00,14,6,0,0,3,0.020032,-0.553,2,0,NONE
0x0000000000000000000000000000000000000009,0x0000000000000000000000000000000000000009,0x000000000000000000000000000000000000007d,0.040361,79845,65.56,2024-09-01 14:06:00,14,6,0,0,2,0.047187,-0.001,0,0,NONE
0x0000000000000000000000000000000000000003,0x0000000000000000000000000000000000000003,0x000000000000000000000000000000000000006d,0.126001,23139,26.2,2024-09-01 14:08:00,14,6,0,0,3,0.288468,-1.286,1,0,NONE
0x0000000000000000000000000000000000000009,0x0000000000000000000000000000000000000009,0x0000000000000000000000000000000000000066,0.17075,55767,49.43,2024-09-01 14:10:00,14,6,0,0,1,0.28347,0.667,1,0,NONE
0x0000000000000000000000000000000000000009,0x0000000000000000000000000000000000000009,0x0000000000000000000000000000000000000064,0.041911,21528,58.69,2024-09-01 14:12:00,14,6,0,0,2,0.085542,-0.067,1,0,NONE
0x000000000000000000000000000000000000000f,0x000000000000000000000000000000000000000f,0x000000000000000000000000000000000000007a,0.090071,54961,42.2,2024-09-01 14:13:00,14,6,0,0,1,0.181147,-0.362,0,0,NONE
0x0000000000000000000000000000000000000002,0x0000000000000000000000000000000000000002,0x000000000000000000000000000000000000006b,0.199121,22550,56.2,2024-09-01 14:14:00,14,6,0,0,2,0.457287,1.401,2,0,NONE
0x000000000000000000000000000000000000000a,0x000000000000000000000000000000000000000a,0x000000000000000000000000000000000000007c,0.041733,35379,50.3,2024-09-01 14:15:00,14,6,0,0,2,0.063944,1.018,1,0,NONE
0x0000000000000000000000000000000000000007,0x0000000000000000000000000000000000000007,0x0000000000000000000000000000000000000081,0.106432,78357,60.75,2024-09-01 14:16:00,14,6,0,0,3,0.173363,0.798,0,0,NONE
0x0000000000000000000000000000000000000004,0x0000000000000000000000000000000000000004,0x0000000000000000000000000000000000000071,0.041604,43212,67.92,2024-09-01 14:19:00,14,6,0,0,3,0.047538,-0.22,2,0,NONE
0x000000000000000000000000000000000000000b,0x000000000000000000000000000000000000000b,0x0000000000000000000000000000000000000069,0.516483,31955,78.05,2024-09-01 14:20:00,14,6,0,0,1,0.549545,-1.265,3,0,NONE
0x0000000000000000000000000000000000000003,0x0000000000000000000000000000000000000003,0x000000000000000000000000000000000000006a,0.092227,38501,48.45,2024-09-01 14:20:00,14,6,0,0,2,0.214084,-0.046,0,0,NONE
0x0000000000000000000000000000000000000004,0x0000000000000000000000000000000000000004,0x000000000000000000000000000000000000006d,0.012768,60348,31.87,2024-09-01 14:20:00,14,6,0,0,3,0.016842,0.47,1,0,NONE
0x0000000000000000000000000000000000000009,0x0000000000000000000000000000000000000009,0x0000000000000000000000000000000000000067,0.201242,41535,35.73,2024-09-01 14:24:00,14,6,0,0,2,0.434721,0.759,1,0,NONE
0x0000000000000000000000000000000000000004,0x0000000000000000000000000000000000000004,0x0000000000000000000000000000000000000073,0.217887,69956,40.15,2024-09-01 14:24:00,14,6,0,0,3,0.447868,0.001,2,0,NONE
0x0000000000000000000000000000000000000006,0x0000000000000000000000000000000000000006,0x0000000000000000000000000000000000000077,0.020826,54365,38.1,2024-09-01 14:24:00,14,6,1,0,1,0.025107,-0.501,3,0,NONE
0x0000000000000000000000000000000000000009,0x0000000000000000000000000000000000000009,0x000000000000000000000000000000000000006b,0.03075,56490,34.25,2024-09-01 14:24:00,14,6,0,0,1,0.074614,-1.496,3,0,NONE
0x000000000000000000000000000000000000000c,0x000000000000000000000000000000000000000c,0x000000000000000000000000000000000000006d,0.027929,29449,17.19,2024-09-01 14:28:00,14,6,0,0,2,0.034926,0.972,2,0,NONE
0x0000000000000000000000000000000000000005,0x0000000000000000000000000000000000000005,0x0000000000000000000000000000000000000071,0.211084,24490,37.75,2024-09-01 14:28:00,14,6,0,0,2,0.525977,-0.375,0,0,NONE
0x000000000000000000000000000000000000000c,0x000000000000000000000000000000000000000c,0x000000000000000000000000000000000000007e,0.013024,26956,65.42,2024-09-01 14:28:00,14,6,0,0,3,0.018975,0.025,1,0,NONE
0x000000000000000000000000000000000000000e,0x000000000000000000000000000000000000000e,0x0000000000000000000000000000000000000078,0.025151,60755,15.74,2024-09-01 14:30:00,14,6,0,0,1,0.058777,-0.911,0,0,NONE
0x000000000000000000000000000000000000000d,0x000000000000000000000000000000000000000d,0x000000000000000000000000000000000000007b,0.089013,74427,18.99,2024-09-01 14:30:00,14,6,0,0,3,0.169947,-0.534,3,0,NONE
0x000000000000000000000000000000000000000e,0x000000000000000000000000000000000000000e,0x0000000000000000000000000000000000000072,0.072191,31434,22.54,2024-09-01 14:35:00,14,6,0,0,3,0.166638,-1.061,3,0,NONE
0x0000000000000000000000000000000000000002,0x0000000000000000000000000000000000000002,0x0000000000000000000000000000000000000079,0.013923,42639,53.62,2024-09-01 14:36:00,14,6,0,0,1,0.028955,-0.599,2,0,NONE
0x0000000000000000000000000000000000000003,0x0000000000000000000000000000000000000003,0x0000000000000000000000000000000000000078,0.03535,75535,20.78,2024-09-01 14:36:00,14,6,0,0,2,0.062333,-0.68,3,0,NONE
0x0000000000000000000000000000000000000003,0x0000000000000000000000000000000000000003,0x0000000000000000000000000000000000000080,0.067641,73732,42.57,2024-09-01 14:36:00,14,6,0,0,3,0.083669,-0.175,2,0,NONE
0x000000000000000000000000000000000000000b,0x000000000000000000000000000000000000000b,0x0000000000000000000000000000000000000074,0.102285,64408,77.65,2024-09-01 14:40:00,14,6,0,0,3,0.201605,0.327,2,0,NONE
0x0000000000000000000000000000000000000001,0x0000000000000000000000000000000000000001,0x0000000000000000000000000000000000000066,0.061977,57178,30.52,2024-09-01 14:44:00,14,6,0,0,2,0.115651,0.614,0,0,NONE
0x0000000000000000000000000000000000000002,0x0000000000000000000000000000000000000002,0x0000000000000000000000000000000000000065,0.071449,28104,51.76,2024-09-01 14:44:00,14,6,0,0,2,0.118219,1.453,0,0,NONE
0x000000000000000000000000000000000000000b,0x000000000000000000000000000000000000000b,0x000000000000000000000000000000000000006b,0.030419,57280,14.27,2024-09-01 14:46:00,14,6,0,0,3,0.049521,0.107,3,0,NONE
0x000000000000000000000000000000000000000e,0x000000000000000000000000000000000000000e,0x0000000000000000000000000000000000000067,0.044306,33937,60.79,2024-09-01 15:00:00,15,6,0,0,2,0.068041,0.514,1,0,NONE
0x0000000000000000000000000000000000000005,0x0000000000000000000000000000000000000005,0x000000000000000000000000000000000000007e,0.329663,67838,55.5,2024-09-01 15:00:00,15,6,0,0,1,0.348604,1.252,3,0,NONE
0x0000000000000000000000000000000000000006,0x0000000000000000000000000000000000000006,0x0000000000000000000000000000000000000077,0.126103,79532,46.09,2024-09-01 15:03:00,15,6,0,0,3,0.186354,-0.321,2,0,NONE
0x0000000000000000000000000000000000000006,0x0000000000000000000000000000000000000006,0x000000000000000000000000000000000000007b,0.101046,41494,23.29,2024-09-01 15:03:00,15,6,0,0,3,0.171801,1.137,3,0,NONE
0x0000000000000000000000000000000000000001,0x0000000000000000000000000000000000000001,0x000000000000000000000000000000000000007d,0.04694,65596,39.55,2024-09-01 15:08:00,15,6,1,0,2,0.088897,-0.096,2,0,NONE
0x0000000000000000000000000000000000000005,0x0000000000000000000000000000000000000005,0x000000000000000000000000000000000000006c,0.025486,50446,73.37,2024-09-01 15:16:00,15,6,0,0,2,0.028992,1.232,3,0,NONE
0x000000000000000000000000000000000000000c,0x000000000000000000000000000000000000000c,0x000000000000000000000000000000000000006c,0.022797,63924,32.0,2024-09-01 15:20:00,15,6,0,0,3,0.040743,0.731,1,0,NONE
0x0000000000000000000000000000000000000007,0x0000000000000000000000000000000000000007,0x0000000000000000000000000000000000000072,0.034169,65138,60.34,2024-09-01 15:22:00,15,6,0,0,2,0.076369,-0.757,2,0,NONE
0x000000000000000000000000000000000000000c,0x000000000000000000000000000000000000000c,0x0000000000000000000000000000000000000067,0.739154,45024,59.78,2024-09-01 15:23:00,15,6,0,0,2,1.711006,-0.733,0,0,NONE
0x000000000000000000000000000000000000000c,0x000000000000000000000000000000000000000c,0x0000000000000000000000000000000000000067,0.039985,76787,63.07,2024-09-01 15:30:00,15,6,1,0,1,0.079771,-0.988,2,0,NONE
0x000000000000000000000000000000000000000c,0x000000000000000000000000000000000000000c,0x000000000000000000000000000000000000007b,0.148125,55097,51.75,2024-09-01 15:30:00,15,6,0,0,3,0.369307,-0.472,3,0,NONE
0x000000000000000000000000000000000000000e,0x000000000000000000000000000000000000000e,0x000000000000000000000000000000000000007d,0.076137,41731,77.11,2024-09-01 15:30:00,15,6,0,0,2,0.104252,-0.835,3,0,NONE
0x0000000000000000000000000000000000000004,0x0000000000000000000000000000000000000004,0x0000000000000000000000000000000000000077,1.137175,62489,50.98,2024-09-01 15:35:00,15,6,0,0,2,2.833774,0.092,3,0,NONE
0x0000000000000000000000000000000000000005,0x0000000000000000000000000000000000000005,0x000000000000000000000000000000000000007d,0.028229,34072,72.01,2024-09-01 15:41:00,15,6,0,0,2,0.050052,1.467,3,0,NONE
0x0000000000000000000000000000000000000008,0x0000000000000000000000000000000000000008,0x0000000000000000000000000000000000000073,0.025278,27851,30.68,2024-09-01 15:45:00,15,6,0,0,1,0.029679,1.322,1,0,NONE
0x0000000000000000000000000000000000000006,0x0000000000000000000000000000000000000006,0x0000000000000000000000000000000000000074,0.130339,50965,77.67,2024-09-01 15:52:00,15,6,0,0,2,0.139852,-0.656,3,0,NONE
0x0000000000000000000000000000000000000005,0x0000000000000000000000000000000000000005,0x0000000000000000000000000000000000000068,0.034832,60141,36.37,2024-09-01 15:54:00,15,6,0,0,3,0.07512,0.927,1,0,NONE
0x0000000000000000000000000000000000000003,0x0000000000000000000000000000000000000003,0x0000000000000000000000000000000000000077,0.015019,25484,26.43,2024-09-01 16:00:00,16,6,0,0,2,0.03749,0.74,3,0,NONE
0x000000000000000000000000000000000000000f,0x000000000000000000000000000000000000000f,0x0000000000000000000000000000000000000075,0.077283,45487,23.2,2024-09-01 16:00:00,16,6,0,0,2,0.123044,-1.01,3,0,NONE
0x000000000000000000000000000000000000000a,0x000000000000000000000000000000000000000a,0x0000000000000000000000000000000000000081,0.089902,74264,15.25,2024-09-01 16:06:00,16,6,0,0,1,0.211606,-0.17,1,0,NONE
0x0000000000000000000000000000000000000004,0x0000000000000000000000000000000000000004,0x0000000000000000000000000000000000000071,0.018741,22228,42.18,2024-09-01 16:07:00,16,6,1,0,2,0.034926,0.22,3,0,NONE
0x000000000000000000000000000000000000000b,0x000000000000000000000000000000000000000b,0x0000000000000000000000000000000000000068,0.187903,58132,51.16,2024-09-01 16:09:00,16,6,0,0,1,0.448598,0.188,0,0,NONE
0x000000000000000000000000000000000000000c,0x000000000000000000000000000000000000000c,0x0000000000000000000000000000000000000071,0.010506,75437,72.9,2024-09-01 16:10:00,16,6,0,0,3,0.012361,-1.158,0,0,NONE
0x0000000000000000000000000000000000000008,0x0000000000000000000000000000000000000008,0x000000000000000000000000000000000000006e,0.014755,45645,29.62,2024-09-01 16:12:00,16,6,0,0,2,0.017276,0.192,1,0,NONE
0x000000000000000000000000000000000000000c,0x000000000000000000000000000000000000000c,0x0000000000000000000000000000000000000069,0.016835,74215,38.24,2024-09-01 16:12:00,16,6,0,0,3,0.041706,-0.866,0,0,NONE
0x000000000000000000000000000000000000000a,0x000000000000000000000000000000000000000a,0x000000000000000000000000000000000000006b,0.034661,43728,78.77,2024-09-01 16:14:00,16,6,0,0,1,0.07738,0.51,2,0,NONE
0x0000000000000000000000000000000000000008,0x0000000000000000000000000000000000000008,0x000000000000000000000000000000000000007b,0.060623,61962,44.71,2024-09-01 16:15:00,16,6,0,0,2,0.07035,-0.586,3,0,NONE
0x0000000000000000000000000000000000000009,0x0000000000000000000000000000000000000009,0x000000000000000000000000000000000000007b,0.393205,72191,71.14,2024-09-01 16:24:00,16,6,0,0,1,0.8482,-1.412,3,0,NONE
0x0000000000000000000000000000000000000001,0x0000000000000000000000000000000000000001,0x0000000000000000000000000000000000000079,0.546105,38496,59.13,2024-09-01 16:24:00,16,6,0,0,1,1.045079,-0.987,1,0,NONE
0x0000000000000000000000000000000000000001,0x0000000000000000000000000000000000000001,0x0000000000000000000000000000000000000072,0.014851,73954,70.29,2024-09-01 16:31:00,16,6,0,0,1,0.029379,0.122,0,0,NONE
0x0000000000000000000000000000000000000001,0x0000000000000000000000000000000000000001,0x000000000000000000000000000000000000006c,0.206165,62943,58.17,2024-09-01 16:32:00,16,6,0,0,2,0.466815,0.828,1,0,NONE
0x0000000000000000000000000000000000000009,0x0000000000000000000000000000000000000009,0x000000000000000000000000000000000000006c,0.08418,67682,78.25,2024-09-01 16:32:00,16,6,0,0,2,0.141658,-0.42,3,0,NONE
0x0000000000000000000000000000000000000004,0x0000000000000000000000000000000000000004,0x000000000000000000000000000000000000006f,0.027233,41423,60.51,2024-09-01 16:32:00,16,6,0,0,3,0.051588,1.15,1,0,NONE
0x0000000000000000000000000000000000000004,0x0000000000000000000000000000000000000004,0x0000000000000000000000000000000000000079,0.092512,52081,14.7,2024-09-01 16:36:00,16,6,0,0,1,0.152443,0.734,2,0,NONE
0x0000000000000000000000000000000000000002,0x0000000000000000000000000000000000000002,0x0000000000000000000000000000000000000070,0.100826,65532,78.68,2024-09-01 16:39:00,16,6,0,0,1,0.11827,1.411,1,0,NONE
0x0000000000000000000000000000000000000001,0x0000000000000000000000000000000000000001,0x0000000000000000000000000000000000000066,0.061979,77054,26.3,2024-09-01 16:45:00,16,6,0,0,2,0.104132,1.002,1,0,NONE
0x0000000000000000000000000000000000000003,0x0000000000000000000000000000000000000003,0x000000000000000000000000000000000000006c,0.031111,53798,47.8,2024-09-01 16:56:00,16,6,0,0,3,0.032971,-0.204,2,0,NONE
0x0000000000000000000000000000000000000004,0x0000000000000000000000000000000000000004,0x0000000000000000000000000000000000000071,0.165999,65964,17.56,2024-09-01 16:56:00,16,6,0,0,2,0.184298,-1.258,1,0,NONE
0x0000000000000000000000000000000000000003,0x0000000000000000000000000000000000000003,0x000000000000000000000000000000000000006d,0.117874,53284,18.13,2024-09-01 17:00:00,17,6,0,0,3,0.141861,-0.139,3,0,NONE
0x000000000000000000000000000000000000000d,0x000000000000000000000000000000000000000d,0x000000000000000000000000000000000000007a,0.67463,79093,62.39,2024-09-01 17:05:00,17,6,0,0,3,1.22898,-0.558,1,0,NONE
0x000000000000000000000000000000000000000a,0x000000000000000000000000000000000000000a,0x000000000000000000000000000000000000007d,0.482115,76427,12.34,2024-09-01 17:05:00,17,6,1,0,2,1.170331,-1.277,1,0,NONE
0x0000000000000000000000000000000000000005,0x0000000000000000000000000000000000000005,0x000000000000000000000000000000000000007c,0.030659,67238,42.84,2024-09-01 17:10:00,17,6,0,0,1,0.031533,-0.853,1,0,NONE
0x0000000000000000000000000000000000000007,0x0000000000000000000000000000000000000007,0x0000000000000000000000000000000000000064,0.682867,55879,48.62,2024-09-01 17:10:00,17,6,1,0,3,1.422609,0.107,2,0,NONE
0x000000000000000000000000000000000000000b,0x000000000000000000000000000000000000000b,0x0000000000000000000000000000000000000078,0.032686,32350,52.08,2024-09-01 17:12:00,17,6,1,0,2,0.062512,1.329,2,0,NONE
0x0000000000000000000000000000000000000002,0x0000000000000000000000000000000000000002,0x000000000000000000000000000000000000007c,0.121105,48862,25.32,2024-09-01 17:12:00,17,6,0,0,3,0.215196,-1.349,1,0,NONE
0x0000000000000000000000000000000000000008,0x0000000000000000000000000000000000000008,0x000000000000000000000000000000000000007c,0.115002,68119,40.9,2024-09-01 17:17:00,17,6,0,0,2,0.132669,0.99,1,0,NONE
0x0000000000000000000000000000000000000004,0x0000000000000000000000000000000000000004,0x0000000000000000000000000000000000000067,0.025006,72976,59.12,2024-09-01 17:18:00,17,6,0,0,3,0.057928,0.154,1,0,NONE
0x0000000000000000000000000000000000000004,0x0000000000000000000000000000000000000004,0x000000000000000000000000000000000000006b,0.39399,49552,51.22,2024-09-01 17:21:00,17,6,0,0,2,0.908457,0.737,1,0,NONE
0x000000000000000000000000000000000000000e,0x000000000000000000000000000000000000000e,0x0000000000000000000000000000000000000068,0.258249,65536,61.31,2024-09-01 17:24:00,17,6,0,0,2,0.430769,0.824,3,0,NONE
0x0000000000000000000000000000000000000001,0x0000000000000000000000000000000000000001,0x0000000000000000000000000000000000000070,0.04673,38546,14.63,2024-09-01 17:24:00,17,6,0,0,3,0.108159,-0.556,3,0,NONE
0x0000000000000000000000000000000000000005,0x0000000000000000000000000000000000000005,0x0000000000000000000000000000000000000066,0.013329,23979,76.4,2024-09-01 17:36:00,17,6,0,0,2,0.026347,0.801,3,0,NONE
0x0000000000000000000000000000000000000007,0x0000000000000000000000000000000000000007,0x0000000000000000000000000000000000000072,0.034792,77991,74.2,2024-09-01 17:40:00,17,6,0,0,1,0.070422,0.485,1,0,NONE
0x000000000000000000000000000000000000000e,0x000000000000000000000000000000000000000e,0x0000000000000000000000000000000000000072,0.085633,31853,26.1,2024-09-01 17:40:00,17,6,0,0,2,0.112802,-0.939,2,0,NONE
0x000000000000000000000000000000000000000e,0x000000000000000000000000000000000000000e,0x0000000000000000000000000000000000000069,0.070404,26691,79.78,2024-09-01 17:40:00,17,6,0,0,2,0.141124,-0.284,1,0,NONE
0x000000000000000000000000000000000000000f,0x000000000000000000000000000000000000000f,0x0000000000000000000000000000000000000073,0.023643,73800,10.68,2024-09-01 17:45:00,17,6,0,0,1,0.05895,1.048,2,0,NONE
0x000000000000000000000000000000000000000b,0x000000000000000000000000000000000000000b,0x0000000000000000000000000000000000000079,0.468309,23002,26.94,2024-09-01 17:45:00,17,6,0,0,2,0.593055,1.111,2,0,NONE
0x0000000000000000000000000000000000000009,0x0000000000000000000000000000000000000009,0x0000000000000000000000000000000000000069,0.070217,35626,66.3,2024-09-01 17:54:00,17,6,0,0,2,0.077477,-0.105,2,0,NONE
0x000000000000000000000000000000000000000d,0x000000000000000000000000000000000000000d,0x000000000000000000000000000000000000006c,0.424161,70164,64.99,2024-09-01 17:57:00,17,6,0,0,3,0.583578,1.018,2,0,NONE
0x000000000000000000000000000000000000000d,0x000000000000000000000000000000000000000d,0x0000000000000000000000000000000000000073,0.07376,31244,47.34,2024-09-01 17:57:00,17,6,0,0,2,0.161915,1.048,2,0,NONE
0x0000000000000000000000000000000000000002,0x0000000000000000000000000000000000000002,0x0000000000000000000000000000000000000072,0.05171,29738,66.1,2024-09-01 17:59:00,17,6,0,0,3,0.097896,1.35,3,0,NONE
0x000000000000000000000000000000000000000d,0x000000000000000000000000000000000000000d,0x000000000000000000000000000000000000007b,0.019843,54675,18.35,2024-09-01 18:00:00,18,6,1,0,2,0.03641,-1.11,2,0,NONE
0x000000000000000000000000000000000000000b,0x000000000000000000000000000000000000000b,0x0000000000000000000000000000000000000081,0.032464,74999,38.5,2024-09-01 18:00:00,18,6,0,0,3,0.074693,0.963,1,0,NONE
0x0000000000000000000000000000000000000008,0x0000000000000000000000000000000000000008,0x0000000000000000000000000000000000000072,0.038881,38223,34.4,2024-09-01 18:00:00,18,6,0,0,2,0.089346,-1.148,1,0,NONE
0x0000000000000000000000000000000000000008,0x0000000000000000000000000000000000000008,0x0000000000000000000000000000000000000076,0.068416,23022,65.71,2024-09-01 18:06:00,18,6,0,0,1,0.096623,0.113,1,0,NONE
0x0000000000000000000000000000000000000002,0x0000000000000000000000000000000000000002,0x0000000000000000000000000000000000000070,0.047228,56909,68.36,2024-09-01 18:08:00,18,6,0,0,1,0.077682,0.24,2,0,NONE
0x000000000000000000000000000000000000000f,0x000000000000000000000000000000000000000f,0x0000000000000000000000000000000000000067,0.045751,38200,53.27,2024-09-01 18:12:00,18,6,0,0,2,0.066982,-0.758,2,0,NONE
0x0000000000000000000000000000000000000007,0x0000000000000000000000000000000000000007,0x0000000000000000000000000000000000000067,0.18554,32696,79.5,2024-09-01 18:12:00,18,6,0,0,1,0.38811,-0.832,0,0,NONE
0x000000000000000000000000000000000000000b,0x000000000000000000000000000000000000000b,0x0000000000000000000000000000000000000068,0.072042,75664,51.65,2024-09-01 18:20:00,18,6,0,0,3,0.17083,-1.299,3,0,NONE
0x0000000000000000000000000000000000000006,0x0000000000000000000000000000000000000006,0x0000000000000000000000000000000000000065,0.015714,58523,76.37,2024-09-01 18:27:00,18,6,0,0,1,0.02611,-0.244,3,0,NONE
0x0000000000000000000000000000000000000001,0x0000000000000000000000000000000000000001,0x0000000000000000000000000000000000000064,0.039873,51034,53.48,2024-09-01 18:30:00,18,6,0,0,1,0.044255,-0.861,2,0,NONE
0x000000000000000000000000000000000000000d,0x000000000000000000000000000000000000000d,0x000000000000000000000000000000000000007b,0.076792,65960,20.76,2024-09-01 18:31:00,18,6,0,0,2,0.081156,-1.28,1,0,NONE
0x000000000000000000000000000000000000000e,0x000000000000000000000000000000000000000e,0x0000000000000000000000000000000000000079,0.035449,36095,39.02,2024-09-01 18:31:00,18,6,0,0,1,0.061053,-0.064,1,0,NONE
0x000000000000000000000000000000000000000d,0x000000000000000000000000000000000000000d,0x0000000000000000000000000000000000000081,0.973261,66384,63.37,2024-09-01 18:40:00,18,6,0,0,2,2.390074,-0.141,1,0,NONE
0x000000000000000000000000000000000000000f,0x000000000000000000000000000000000000000f,0x000000000000000000000000000000000000007f,0.811639,31982,54.84,2024-09-01 18:40:00,18,6,0,0,2,1.580188,0.215,0,0,NONE
0x0000000000000000000000000000000000000002,0x0000000000000000000000000000000000000002,0x0000000000000000000000000000000000000070,0.034603,66692,30.7,2024-09-01 18:43:00,18,6,0,0,2,0.069116,-0.363,1,0,NONE
0x0000000000000000000000000000000000000005,0x0000000000000000000000000000000000000005,0x0000000000000000000000000000000000000073,0.048035,79261,53.9,2024-09-01 18:47:00,18,6,0,0,2,0.082832,0.914,3,0,NONE
0x000000000000000000000000000000000000000b,0x000000000000000000000000000000000000000b,0x0000000000000000000000000000000000000068,0.092293,40692,78.2,2024-09-01 18:47:00,18,6,0,0,2,0.129591,-0.25,0,0,NONE
0x000000000000000000000000000000000000000e,0x000000000000000000000000000000000000000e,0x0000000000000000000000000000000000000066,0.023028,79990,23.54,2024-09-01 18:48:00,18,6,0,0,2,0.044318,-0.583,1,0,NONE
0x0000000000000000000000000000000000000006,0x0000000000000000000000000000000000000006,0x000000000000000000000000000000000000006d,8.35849,23756,30.13,2024-09-01 18:48:00,18,6,0,0,2,19.943478,0.468,3,0,NONE
0x000000000000000000000000000000000000000b,0x000000000000000000000000000000000000000b,0x000000000000000000000000000000000000006e,0.132928,77139,29.33,2024-09-01 18:48:00,18,6,0,0,1,0.28976,0.369,3,0,NONE
0x000000000000000000000000000000000000000a,0x000000000000000000000000000000000000000a,0x0000000000000000000000000000000000000067,0.036422,23798,75.96,2024-09-01 18:50:00,18,6,1,0,3,0.060087,0.673,3,0,NONE
0x000000000000000000000000000000000000000b,0x000000000000000000000000000000000000000b,0x0000000000000000000000000000000000000068,0.107411,61517,52.61,2024-09-01 18:51:00,18,6,0,0,1,0.17118,1.137,1,0,NONE
0x000000000000000000000000000000000000000d,0x000000000000000000000000000000000000000d,0x0000000000000000000000000000000000000071,0.194184,56591,47.59,2024-09-01 18:56:00,18,6,0,0,1,0.451496,0.49,2,0,NONE
0x0000000000000000000000000000000000000003,0x0000000000000000000000000000000000000003,0x000000000000000000000000000000000000006f,0.121785,47761,33.33,2024-09-01 18:56:00,18,6,0,0,1,0.182033,0.581,2,0,NONE
0x000000000000000000000000000000000000000a,0x000000000000000000000000000000000000000a,0x000000000000000000000000000000000000007e,0.109967,74110,71.71,2024-09-01 19:00:00,19,6,0,0,2,0.138925,-1.386,0,0,NONE
0x0000000000000000000000000000000000000001,0x0000000000000000000000000000000000000001,0x000000000000000000000000000000000000007b,0.476531,78827,49.97,2024-09-01 19:00:00,19,6,0,0,2,1.053727,-0.929,0,0,NONE
0x0000000000000000000000000000000000000008,0x0000000000000000000000000000000000000008,0x0000000000000000000000000000000000000076,0.045429,43991,47.26,2024-09-01 19:00:00,19,6,0,0,1,0.067484,0.612,2,0,NONE
0x000000000000000000000000000000000000000d,0x000000000000000000000000000000000000000d,0x000000000000000000000000000000000000007a,0.186983,64548,13.29,2024-09-01 19:04:00,19,6,0,0,2,0.455314,1.427,2,0,NONE
0x0000000000000000000000000000000000000007,0x0000000000000000000000000000000000000007,0x0000000000000000000000000000000000000075,0.037556,35238,62.81,2024-09-01 19:10:00,19,6,0,0,1,0.065942,-0.632,2,0,NONE
0x0000000000000000000000000000000000000002,0x0000000000000000000000000000000000000002,0x0000000000000000000000000000000000000079,0.123977,41343,25.72,2024-09-01 19:20:00,19,6,0,0,1,0.132571,1.452,0,0,NONE
0x0000000000000000000000000000000000000007,0x0000000000000000000000000000000000000007,0x000000000000000000000000000000000000006d,0.102668,77199,59.53,2024-09-01 19:24:00,19,6,0,0,1,0.189277,1.403,1,0,NONE
0x0000000000000000000000000000000000000007,0x0000000000000000000000000000000000000007,0x000000000000000000000000000000000000006b,0.283359,34855,73.09,2024-09-01 19:30:00,19,6,0,0,3,0.485465,-1.36,0,0,NONE
0x0000000000000000000000000000000000000009,0x0000000000000000000000000000000000000009,0x0000000000000000000000000000000000000067,0.217885,21830,59.55,2024-09-01 19:30:00,19,6,0,0,1,0.380126,-0.46,2,0,NONE
0x0000000000000000000000000000000000000004,0x0000000000000000000000000000000000000004,0x000000000000000000000000000000000000006d,0.036297,57629,36.37,2024-09-01 19:36:00,19,6,0,0,1,0.072782,0.987,0,0,NONE
0x0000000000000000000000000000000000000002,0x0000000000000000000000000000000000000002,0x0000000000000000000000000000000000000079,0.291868,35005,45.78,2024-09-01 19:36:00,19,6,0,0,3,0.366159,-1.246,2,0,NONE
0x000000000000000000000000000000000000000d,0x000000000000000000000000000000000000000d,0x000000000000000000000000000000000000007a,0.060886,40043,58.06,2024-09-01 19:42:00,19,6,0,0,1,0.15051,0.45,1,0,NONE
0x0000000000000000000000000000000000000002,0x0000000000000000000000000000000000000002,0x000000000000000000000000000000000000006a,0.057193,37693,13.11,2024-09-01 19:45:00,19,6,0,0,3,0.136598,0.115,1,0,NONE
0x000000000000000000000000000000000000000f,0x000000000000000000000000000000000000000f,0x000000000000000000000000000000000000006a,0.037599,31938,37.79,2024-09-01 19:54:00,19,6,0,0,2,0.06853,-1.421,3,0,NONE
0x0000000000000000000000000000000000000007,0x0000000000000000000000000000000000000007,0x000000000000000000000000000000000000006b,1.075443,40776,71.34,2024-09-01 19:59:00,19,6,0,0,3,1.432021,-0.598,0,0,NONE
0x0000000000000000000000000000000000000004,0x0000000000000000000000000000000000000004,0x000000000000000000000000000000000000007d,0.110869,62345,55.31,2024-09-01 20:00:00,20,6,1,0,1,0.20366,-0.34,2,0,NONE
0x000000000000000000000000000000000000000f,0x000000000000000000000000000000000000000f,0x0000000000000000000000000000000000000068,0.040321,55520,68.7,2024-09-01 20:00:00,20,6,1,0,3,0.061903,1.246,3,0,NONE
0x0000000000000000000000000000000000000005,0x0000000000000000000000000000000000000005,0x0000000000000000000000000000000000000076,0.220132,48300,23.11,2024-09-01 20:14:00,20,6,0,0,3,0.541961,-1.297,0,0,NONE
0x0000000000000000000000000000000000000009,0x0000000000000000000000000000000000000009,0x000000000000000000000000000000000000006e,0.094495,72844,19.79,2024-09-01 20:14:00,20,6,0,0,1,0.129671,0.303,2,0,NONE
0x000000000000000000000000000000000000000f,0x000000000000000000000000000000000000000f,0x0000000000000000000000000000000000000077,0.081303,41671,44.46,2024-09-01 20:15:00,20,6,0,0,3,0.187253,-0.028,2,0,NONE
0x000000000000000000000000000000000000000a,0x000000000000000000000000000000000000000a,0x0000000000000000000000000000000000000069,0.264515,44196,25.03,2024-09-01 20:16:00,20,6,0,0,2,0.44148,-1.054,1,0,NONE
0x000000000000000000000000000000000000000d,0x000000000000000000000000000000000000000d,0x000000000000000000000000000000000000006f,0.006868,53953,17.43,2024-09-01 20:22:00,20,6,0,0,2,0.013117,-0.655,3,0,NONE
0x0000000000000000000000000000000000000004,0x0000000000000000000000000000000000000004,0x000000000000000000000000000000000000006d,0.018605,51260,41.63,2024-09-01 20:22:00,20,6,1,0,2,0.020746,1.093,0,0,NONE
0x000000000000000000000000000000000000000c,0x000000000000000000000000000000000000000c,0x0000000000000000000000000000000000000067,0.047831,48264,73.79,2024-09-01 20:24:00,20,6,0,0,3,0.096503,-0.956,3,0,NONE
0x0000000000000000000000000000000000000007,0x0000000000000000000000000000000000000007,0x0000000000000000000000000000000000000078,0.246951,77244,55.49,2024-09-01 20:24:00,20,6,1,0,2,0.38744,0.158,0,0,NONE
0x0000000000000000000000000000000000000004,0x0000000000000000000000000000000000000004,0x0000000000000000000000000000000000000064,0.022942,32823,29.13,2024-09-01 20:24:00,20,6,0,0,2,0.035022,-0.956,1,0,NONE
0x0000000000000000000000000000000000000003,0x0000000000000000000000000000000000000003,0x0000000000000000000000000000000000000072,0.055399,57127,20.12,2024-09-01 20:27:00,20,6,0,0,3,0.097633,1.138,0,0,NONE
0x0000000000000000000000000000000000000002,0x0000000000000000000000000000000000000002,0x0000000000000000000000000000000000000074,0.07529,63437,33.89,2024-09-01 20:28:00,20,6,0,0,2,0.087209,1.382,3,0,NONE
0x0000000000000000000000000000000000000005,0x0000000000000000000000000000000000000005,0x0000000000000000000000000000000000000075,0.029346,56531,30.33,2024-09-01 20:28:00,20,6,0,0,1,0.060679,1.282,1,0,NONE
0x000000000000000000000000000000000000000c,0x000000000000000000000000000000000000000c,0x000000000000000000000000000000000000006c,0.012115,51426,13.51,2024-09-01 20:30:00,20,6,0,0,1,0.027602,-0.419,2,0,NONE
0x0000000000000000000000000000000000000006,0x0000000000000000000000000000000000000006,0x000000000000000000000000000000000000006b,0.152064,39284,49.07,2024-09-01 20:32:00,20,6,0,0,2,0.327966,0.615,3,0,NONE
0x000000000000000000000000000000000000000a,0x000000000000000000000000000000000000000a,0x0000000000000000000000000000000000000064,0.110136,55501,43.46,2024-09-01 20:36:00,20,6,0,0,3,0.143419,-1.109,1,0,NONE
0x000000000000000000000000000000000000000f,0x000000000000000000000000000000000000000f,0x000000000000000000000000000000000000007e,0.156718,27545,60.46,2024-09-01 20:38:00,20,6,0,0,3,0.258323,-0.357,1,0,NONE
0x0000000000000000000000000000000000000003,0x0000000000000000000000000000000000000003,0x0000000000000000000000000000000000000073,0.112283,23426,18.84,2024-09-01 20:39:00,20,6,0,0,2,0.258762,1.123,3,0,NONE
0x0000000000000000000000000000000000000008,0x0000000000000000000000000000000000000008,0x0000000000000000000000000000000000000070,0.018364,73695,70.35,2024-09-01 20:42:00,20,6,0,0,2,0.040827,1.079,1,0,NONE
0x0000000000000000000000000000000000000009,0x0000000000000000000000000000000000000009,0x000000000000000000000000000000000000006f,0.186066,31309,27.86,2024-09-01 20:42:00,20,6,0,0,3,0.374212,-1.154,0,0,NONE
0x0000000000000000000000000000000000000003,0x0000000000000000000000000000000000000003,0x000000000000000000000000000000000000007e,0.043469,70840,48.51,2024-09-01 20:52:00,20,6,0,0,2,0.059926,-1.152,3,0,NONE
0x0000000000000000000000000000000000000005,0x0000000000000000000000000000000000000005,0x000000000000000000000000000000000000007f,0.083376,60817,57.47,2024-09-01 20:58:00,20,6,0,0,1,0.091784,0.836,2,0,NONE
0x0000000000000000000000000000000000000004,0x0000000000000000000000000000000000000004,0x000000000000000000000000000000000000006c,0.102444,33928,22.14,2024-09-01 20:58:00,20,6,0,0,3,0.114023,1.354,3,0,NONE
0x0000000000000000000000000000000000000008,0x0000000000000000000000000000000000000008,0x0000000000000000000000000000000000000079,0.096028,53722,19.74,2024-09-01 21:00:00,21,6,0,0,2,0.190903,0.646,3,0,NONE
0x0000000000000000000000000000000000000006,0x0000000000000000000000000000000000000006,0x0000000000000000000000000000000000000075,0.098714,33756,35.38,2024-09-01 21:00:00,21,6,0,0,2,0.17338,0.793,2,0,NONE
0x000000000000000000000000000000000000000b,0x000000000000000000000000000000000000000b,0x0000000000000000000000000000000000000065,0.14921,50913,13.54,2024-09-01 21:06:00,21,6,0,0,1,0.21053,0.971,3,0,NONE
0x000000000000000000000000000000000000000b,0x000000000000000000000000000000000000000b,0x0000000000000000000000000000000000000080,0.050718,43535,71.45,2024-09-01 21:08:00,21,6,0,0,3,0.08766,0.327,0,0,NONE
0x0000000000000000000000000000000000000006,0x0000000000000000000000000000000000000006,0x0000000000000000000000000000000000000079,0.088024,61045,18.32,2024-09-01 21:09:00,21,6,0,0,2,0.1373,1.46,2,0,NONE
0x000000000000000000000000000000000000000c,0x000000000000000000000000000000000000000c,0x000000000000000000000000000000000000007a,0.046747,31035,24.38,2024-09-01 21:12:00,21,6,0,0,1,0.067861,0.485,2,0,NONE
0x000000000000000000000000000000000000000d,0x000000000000000000000000000000000000000d,0x000000000000000000000000000000000000006e,0.015668,54678,15.76,2024-09-01 21:12:00,21,6,0,0,3,0.028199,0.381,1,0,NONE
0x0000000000000000000000000000000000000009,0x0000000000000000000000000000000000000009,0x0000000000000000000000000000000000000065,0.024546,36169,72.81,2024-09-01 21:14:00,21,6,0,0,3,0.05752,-0.125,0,0,NONE
0x000000000000000000000000000000000000000e,0x000000000000000000000000000000000000000e,0x0000000000000000000000000000000000000065,0.071734,31901,28.08,2024-09-01 21:14:00,21,6,0,0,2,0.136225,0.191,0,0,NONE
0x000000000000000000000000000000000000000b,0x000000000000000000000000000000000000000b,0x0000000000000000000000000000000000000081,0.083335,38601,72.79,2024-09-01 21:20:00,21,6,1,0,2,0.122204,1.029,0,0,NONE
0x000000000000000000000000000000000000000e,0x000000000000000000000000000000000000000e,0x0000000000000000000000000000000000000074,0.013323,21471,36.25,2024-09-01 21:21:00,21,6,0,0,2,0.021494,-1.18,3,0,NONE
0x000000000000000000000000000000000000000d,0x000000000000000000000000000000000000000d,0x000000000000000000000000000000000000006e,0.263391,67553,18.08,2024-09-01 21:23:00,21,6,0,0,2,0.49365,1.328,3,0,NONE
0x000000000000000000000000000000000000000e,0x000000000000000000000000000000000000000e,0x000000000000000000000000000000000000007b,0.06088,36058,41.26,2024-09-01 21:30:00,21,6,0,0,1,0.070037,0.025,2,0,NONE
0x0000000000000000000000000000000000000004,0x0000000000000000000000000000000000000004,0x000000000000000000000000000000000000007f,0.089124,57455,35.73,2024-09-01 21:32:00,21,6,0,0,3,0.119358,-0.213,0,0,NONE
0x000000000000000000000000000000000000000e,0x000000000000000000000000000000000000000e,0x0000000000000000000000000000000000000076,0.019498,56674,49.91,2024-09-01 21:34:00,21,6,0,0,2,0.030182,0.46,0,0,NONE
0x000000000000000000000000000000000000000a,0x000000000000000000000000000000000000000a,0x0000000000000000000000000000000000000080,0.119205,48133,44.52,2024-09-01 21:36:00,21,6,0,0,3,0.18632,0.986,1,0,NONE
0x0000000000000000000000000000000000000009,0x0000000000000000000000000000000000000009,0x0000000000000000000000000000000000000079,0.080052,49992,70.2,2024-09-01 21:36:00,21,6,0,0,1,0.096864,-1.131,3,0,NONE
0x0000000000000000000000000000000000000008,0x0000000000000000000000000000000000000008,0x0000000000000000000000000000000000000074,0.039945,32432,48.63,2024-09-01 21:42:00,21,6,0,0,2,0.097374,-0.804,3,0,NONE
0x0000000000000000000000000000000000000008,0x0000000000000000000000000000000000000008,0x0000000000000000000000000000000000000078,0.089257,64077,40.25,2024-09-01 21:49:00,21,6,1,0,3,0.207491,-0.151,3,0,NONE
0x000000000000000000000000000000000000000e,0x000000000000000000000000000000000000000e,0x0000000000000000000000000000000000000077,0.17153,64230,45.76,2024-09-01 21:51:00,21,6,0,0,3,0.259698,-0.14,0,0,NONE
0x0000000000000000000000000000000000000008,0x0000000000000000000000000000000000000008,0x000000000000000000000000000000000000007a,0.582104,34163,43.53,2024-09-01 21:55:00,21,6,0,0,2,1.427952,-0.626,3,0,NONE
0x000000000000000000000000000000000000000e,0x000000000000000000000000000000000000000e,0x0000000000000000000000000000000000000074,0.0317,26934,37.77,2024-09-01 22:00:00,22,6,0,0,3,0.043059,1.392,1,0,NONE
0x0000000000000000000000000000000000000002,0x0000000000000000000000000000000000000002,0x0000000000000000000000000000000000000077,0.019537,60796,77.46,2024-09-01 22:05:00,22,6,0,0,1,0.047809,-1.176,0,0,NONE
0x0000000000000000000000000000000000000002,0x0000000000000000000000000000000000000002,0x000000000000000000000000000000000000006c,0.057337,77473,43.44,2024-09-01 22:06:00,22,6,0,0,2,0.09963,0.231,0,0,NONE
0x0000000000000000000000000000000000000003,0x0000000000000000000000000000000000000003,0x0000000000000000000000000000000000000076,0.117108,46098,26.35,2024-09-01 22:08:00,22,6,0,0,1,0.172999,-0.081,3,0,NONE
0x0000000000000000000000000000000000000007,0x0000000000000000000000000000000000000007,0x000000000000000000000000000000000000007d,0.007225,55371,32.31,2024-09-01 22:08:00,22,6,0,0,1,0.010475,-0.948,3,0,NONE
0x0000000000000000000000000000000000000009,0x0000000000000000000000000000000000000009,0x0000000000000000000000000000000000000066,0.306828,54508,74.46,2024-09-01 22:11:00,22,6,0,0,1,0.553697,-0.328,0,0,NONE
0x0000000000000000000000000000000000000005,0x0000000000000000000000000000000000000005,0x000000000000000000000000000000000000007f,0.173913,25853,41.64,2024-09-01 22:15:00,22,6,0,0,2,0.434068,0.932,2,0,NONE
0x000000000000000000000000000000000000000e,0x000000000000000000000000000000000000000e,0x0000000000000000000000000000000000000080,0.043443,56368,43.05,2024-09-01 22:33:00,22,6,0,0,2,0.06902,1.174,2,0,NONE
0x0000000000000000000000000000000000000004,0x0000000000000000000000000000000000000004,0x0000000000000000000000000000000000000066,0.011927,54455,54.33,2024-09-01 22:38:00,22,6,0,0,1,0.028134,-0.452,1,0,NONE
0x000000000000000000000000000000000000000a,0x000000000000000000000000000000000000000a,0x0000000000000000000000000000000000000071,0.068806,78853,48.55,2024-09-01 22:39:00,22,6,1,0,2,0.108337,-0.242,1,0,NONE
0x0000000000000000000000000000000000000001,0x0000000000000000000000000000000000000001,0x000000000000000000000000000000000000007e,0.010359,62874,45.54,2024-09-01 22:44:00,22,6,0,0,2,0.022207,0.118,0,0,NONE
0x0000000000000000000000000000000000000001,0x0000000000000000000000000000000000000001,0x000000000000000000000000000000000000006f,0.047071,35373,79.81,2024-09-01 22:50:00,22,6,0,0,2,0.05349,-1.359,0,0,NONE
0x0000000000000000000000000000000000000004,0x0000000000000000000000000000000000000004,0x0000000000000000000000000000000000000065,0.044862,59434,76.96,2024-09-01 22:51:00,22,6,0,0,3,0.053087,-0.439,3,0,NONE
0x0000000000000000000000000000000000000005,0x0000000000000000000000000000000000000005,0x000000000000000000000000000000000000006c,2.147282,71788,28.22,2024-09-01 22:58:00,22,6,0,0,3,3.067103,1.249,3,0,NONE
0x0000000000000000000000000000000000000007,0x0000000000000000000000000000000000000007,0x000000000000000000000000000000000000006a,0.0371,42644,55.27,2024-09-01 23:00:00,23,6,0,0,2,0.042246,0.674,1,0,NONE
0x000000000000000000000000000000000000000d,0x000000000000000000000000000000000000000d,0x000000000000000000000000000000000000006d,0.178075,78506,69.31,2024-09-01 23:08:00,23,6,0,0,3,0.206515,-0.357,0,0,NONE
0x000000000000000000000000000000000000000d,0x000000000000000000000000000000000000000d,0x000000000000000000000000000000000000006d,0.017157,65386,72.09,2024-09-01 23:08:00,23,6,0,0,3,0.033832,1.372,0,0,NONE
0x000000000000000000000000000000000000000f,0x000000000000000000000000000000000000000f,0x000000000000000000000000000000000000006c,0.065323,57840,70.1,2024-09-01 23:16:00,23,6,1,0,1,0.132986,-1.32,2,0,NONE
0x000000000000000000000000000000000000000d,0x000000000000000000000000000000000000000d,0x000000000000000000000000000000000000007c,0.497992,61519,47.13,2024-09-01 23:30:00,23,6,0,0,3,0.504568,0.507,3,0,NONE
0x0000000000000000000000000000000000000007,0x0000000000000000000000000000000000000007,0x000000000000000000000000000000000000006e,0.019441,36074,36.59,2024-09-01 23:33:00,23,6,0,0,2,0.035499,1.33,2,0,NONE
0x0000000000000000000000000000000000000004,0x0000000000000000000000000000000000000004,0x0000000000000000000000000000000000000066,0.144903,30297,61.87,2024-09-01 23:47:00,23,6,0,0,1,0.307074,-0.855,3,0,NONE
0x000000000000000000000000000000000000000d,0x000000000000000000000000000000000000000d,0x0000000000000000000000000000000000000065,0.025786,44506,66.98,2024-09-01 23:50:00,23,6,0,0,3,0.054389,1.095,3,0,NONE
0x0000000000000000000000000000000000000008,0x0000000000000000000000000000000000000008,0x000000000000000000000000000000000000007e,0.007887,46162,77.47,2024-09-01 23:52:00,23,6,0,0,2,0.012727,-0.025,3,0,NONE
0x000000000000000000000000000000000000000b,0x000000000000000000000000000000000000000b,0x000000000000000000000000000000000000007b,0.259532,75451,58.22,2024-09-01 23:56:00,23,6,0,0,2,0.278861,1.061,1,0,NONE
0x0000000000000000000000000000000000000006,0x0000000000000000000000000000000000000006,0x000000000000000000000000000000000000007e,0.160886,54404,47.26,2024-09-02 00:00:00,0,0,0,0,2,0.275491,-1.45,2,0,NONE
0x0000000000000000000000000000000000000007,0x0000000000000000000000000000000000000007,0x000000000000000000000000000000000000006d,0.031713,22004,24.83,2024-09-02 00:10:00,0,0,0,0,3,0.037294,1.499,3,0,NONE
0x0000000000000000000000000000000000000006,0x0000000000000000000000000000000000000006,0x0000000000000000000000000000000000000076,0.301092,41163,65.77,2024-09-02 00:11:00,0,0,0,0,3,0.58529,0.291,2,0,NONE
0x0000000000000000000000000000000000000001,0x0000000000000000000000000000000000000001,0x0000000000000000000000000000000000000064,0.008263,68323,71.31,2024-09-02 00:18:00,0,0,0,0,3,0.017707,0.023,0,0,NONE
0x0000000000000000000000000000000000000002,0x0000000000000000000000000000000000000002,0x000000000000000000000000000000000000006e,0.282861,79525,47.81,2024-09-02 00:20:00,0,0,0,0,1,0.44538,-1.042,1,0,NONE
0x000000000000000000000000000000000000000f,0x000000000000000000000000000000000000000f,0x000000000000000000000000000000000000006a,0.510558,48465,59.05,2024-09-02 00:26:00,0,0,0,0,2,0.724709,-0.96,1,0,NONE
0x0000000000000000000000000000000000000006,0x0000000000000000000000000000000000000006,0x0000000000000000000000000000000000000071,0.056229,78818,68.63,2024-09-02 00:30:00,0,0,0,0,1,0.140334,-0.309,3,0,NONE
0x0000000000000000000000000000000000000008,0x0000000000000000000000000000000000000008,0x0000000000000000000000000000000000000072,0.094064,28468,28.36,2024-09-02 00:33:00,0,0,0,0,3,0.230351,-0.56,3,0,NONE
0x0000000000000000000000000000000000000001,0x0000000000000000000000000000000000000001,0x000000000000000000000000000000000000007b,0.023069,57256,20.88,2024-09-02 00:33:00,0,0,0,0,1,0.047901,-0.889,2,0,NONE
0x000000000000000000000000000000000000000a,0x000000000000000000000000000000000000000a,0x0000000000000000000000000000000000000074,0.13473,44424,63.68,2024-09-02 00:36:00,0,0,0,0,1,0.154967,0.471,2,0,NONE
0x0000000000000000000000000000000000000008,0x0000000000000000000000000000000000000008,0x000000000000000000000000000000000000006a,0.051696,39241,62.66,2024-09-02 00:40:00,0,0,0,0,1,0.096466,0.899,1,0,NONE
0x0000000000000000000000000000000000000008,0x0000000000000000000000000000000000000008,0x0000000000000000000000000000000000000064,0.04841,68658,42.31,2024-09-02 00:42:00,0,0,0,0,2,0.106334,0.994,0,0,NONE
0x000000000000000000000000000000000000000a,0x000000000000000000000000000000000000000a,0x000000000000000000000000000000000000007d,0.030483,22279,79.26,2024-09-02 00:50:00,0,0,0,0,2,0.052416,0.844,2,0,NONE
0x000000000000000000000000000000000000000b,0x000000000000000000000000000000000000000b,0x0000000000000000000000000000000000000074,0.09832,28852,70.72,2024-09-02 00:56:00,0,0,0,0,2,0.159245,1.113,1,0,NONE
0x000000000000000000000000000000000000000e,0x000000000000000000000000000000000000000e,0x0000000000000000000000000000000000000081,0.867335,35607,46.15,2024-09-02 01:00:00,1,0,0,0,2,1.500743,-0.054,0,0,NONE
0x0000000000000000000000000000000000000008,0x0000000000000000000000000000000000000008,0x0000000000000000000000000000000000000065,0.104233,74096,59.75,2024-09-02 01:02:00,1,0,1,0,2,0.205543,0.531,1,0,NONE
0x000000000000000000000000000000000000000a,0x000000000000000000000000000000000000000a,0x000000000000000000000000000000000000007b,0.22974,25915,48.29,2024-09-02 01:08:00,1,0,0,0,1,0.346201,1.456,3,0,NONE
0x000000000000000000000000000000000000000c,0x000000000000000000000000000000000000000c,0x0000000000000000000000000000000000000075,0.192808,63160,36.5,2024-09-02 01:24:00,1,0,0,0,1,0.325584,0.904,3,0,NONE
0x000000000000000000000000000000000000000c,0x000000000000000000000000000000000000000c,0x000000000000000000000000000000000000006a,0.416715,71984,28.41,2024-09-02 01:35:00,1,0,0,0,1,0.640442,-0.271,1,0,NONE
0x000000000000000000000000000000000000000a,0x000000000000000000000000000000000000000a,0x000000000000000000000000000000000000006a,0.063537,37353,58.52,2024-09-02 01:43:00,1,0,0,0,1,0.132196,-1.356,3,0,NONE
0x000000000000000000000000000000000000000d,0x000000000000000000000000000000000000000d,0x000000000000000000000000000000000000007f,0.01063,65918,39.69,2024-09-02 01:50:00,1,0,0,0,3,0.023844,1.136,3,0,NONE
0x000000000000000000000000000000000000000f,0x000000000000000000000000000000000000000f,0x000000000000000000000000000000000000006f,0.249428,42305,57.12,2024-09-02 01:56:00,1,0,0,0,3,0.416643,-1.265,2,0,NONE
0x0000000000000000000000000000000000000007,0x0000000000000000000000000000000000000007,0x0000000000000000000000000000000000000079,0.228303,60647,52.2,2024-09-02 01:56:00,1,0,0,0,1,0.503859,0.263,1,0,NONE
0x0000000000000000000000000000000000000007,0x0000000000000000000000000000000000000007,0x0000000000000000000000000000000000000066,1.04769,53758,69.17,2024-09-02 02:01:00,2,0,0,0,2,1.936953,1.074,0,0,NONE
0x000000000000000000000000000000000000000e,0x000000000000000000000000000000000000000e,0x0000000000000000000000000000000000000081,0.005183,77298,15.87,2024-09-02 02:02:00,2,0,0,0,3,0.00836,-0.933,0,0,NONE
0x0000000000000000000000000000000000000002,0x0000000000000000000000000000000000000002,0x0000000000000000000000000000000000000076,0.009896,33742,60.28,2024-09-02 02:08:00,2,0,0,0,2,0.013518,0.468,0,0,NONE
0x000000000000000000000000000000000000000a,0x000000000000000000000000000000000000000a,0x000000000000000000000000000000000000006e,0.055818,46452,28.93,2024-09-02 02:12:00,2,0,1,0,3,0.074156,1.187,2,0,NONE
0x0000000000000000000000000000000000000008,0x0000000000000000000000000000000000000008,0x0000000000000000000000000000000000000076,0.11869,76864,43.97,2024-09-02 02:12:00,2,0,0,0,3,0.254398,-1.362,3,0,NONE
0x0000000000000000000000000000000000000001,0x0000000000000000000000000000000000000001,0x0000000000000000000000000000000000000069,0.042713,47634,43.99,2024-09-02 02:12:00,2,0,0,0,2,0.100532,-1.006,0,0,NONE
0x0000000000000000000000000000000000000005,0x0000000000000000000000000000000000000005,0x0000000000000000000000000000000000000077,0.134706,56130,11.15,2024-09-02 02:12:00,2,0,0,0,1,0.279894,-0.626,0,0,NONE
0x0000000000000000000000000000000000000003,0x0000000000000000000000000000000000000003,0x000000000000000000000000000000000000006e,0.051276,72623,45.54,2024-09-02 02:14:00,2,0,0,0,2,0.107119,1.012,3,0,NONE
0x0000000000000000000000000000000000000001,0x0000000000000000000000000000000000000001,0x0000000000000000000000000000000000000079,0.057842,67936,31.99,2024-09-02 02:26:00,2,0,0,0,1,0.11612,-0.6,2,0,NONE
0x0000000000000000000000000000000000000004,0x0000000000000000000000000000000000000004,0x0000000000000000000000000000000000000077,0.055773,24590,10.54,2024-09-02 02:26:00,2,0,0,0,1,0.119969,0.792,2,0,NONE
0x000000000000000000000000000000000000000f,0x000000000000000000000000000000000000000f,0x0000000000000000000000000000000000000068,0.484777,24548,46.8,2024-09-02 02:30:00,2,0,0,0,3,0.508455,-0.458,1,0,NONE
0x0000000000000000000000000000000000000001,0x0000000000000000000000000000000000000001,0x0000000000000000000000000000000000000072,0.157406,30363,28.54,2024-09-02 02:30:00,2,0,0,0,3,0.284663,0.741,3,0,NONE
0x0000000000000000000000000000000000000005,0x0000000000000000000000000000000000000005,0x0000000000000000000000000000000000000074,0.260814,48738,17.78,2024-09-02 02:35:00,2,0,0,0,2,0.308484,-0.785,3,0,NONE
0x0000000000000000000000000000000000000008,0x0000000000000000000000000000000000000008,0x000000000000000000000000000000000000006b,0.227529,30584,59.8,2024-09-02 02:36:00,2,0,0,0,3,0.361555,-1.073,2,0,NONE
0x0000000000000000000000000000000000000008,0x0000000000000000000000000000000000000008,0x0000000000000000000000000000000000000072,0.142919,72397,24.48,2024-09-02 02:36:00,2,0,0,0,2,0.163847,0.666,3,0,NONE
0x000000000000000000000000000000000000000e,0x000000000000000000000000000000000000000e,0x0000000000000000000000000000000000000066,0.062966,35194,41.44,2024-09-02 02:40:00,2,0,0,0,2,0.079076,0.991,1,0,NONE
0x000000000000000000000000000000000000000d,0x000000000000000000000000000000000000000d,0x000000000000000000000000000000000000007b,0.009947,60543,23.75,2024-09-02 02:41:00,2,0,0,0,1,0.014336,-0.968,0,0,NONE
0x0000000000000000000000000000000000000009,0x0000000000000000000000000000000000000009,0x000000000000000000000000000000000000007b,0.22102,76474,26.7,2024-09-02 02:42:00,2,0,0,0,2,0.259473,0.337,0,0,NONE
0x0000000000000000000000000000000000000006,0x0000000000000000000000000000000000000006,0x0000000000000000000000000000000000000075,0.152294,73127,60.52,2024-09-02 02:44:00,2,0,0,0,3,0.306862,-0.361,3,0,NONE
0x000000000000000000000000000000000000000d,0x000000000000000000000000000000000000000d,0x000000000000000000000000000000000000007a,0.007104,31145,12.8,2024-09-02 02:45:00,2,0,0,0,3,0.007646,1.297,2,0,NONE
0x0000000000000000000000000000000000000007,0x0000000000000000000000000000000000000007,0x000000000000000000000000000000000000007d,0.375421,66174,60.69,2024-09-02 02:45:00,2,0,0,0,2,0.405659,-0.189,0,0,NONE
0x000000000000000000000000000000000000000a,0x000000000000000000000000000000000000000a,0x0000000000000000000000000000000000000065,0.044675,22436,20.34,2024-09-02 02:53:00,2,0,0,0,1,0.096567,1.039,2,0,NONE
0x0000000000000000000000000000000000000006,0x0000000000000000000000000000000000000006,0x0000000000000000000000000000000000000074,0.026639,71788,52.8,2024-09-02 03:00:00,3,0,0,0,3,0.055705,0.617,1,0,NONE
0x000000000000000000000000000000000000000c,0x000000000000000000000000000000000000000c,0x0000000000000000000000000000000000000081,0.071544,34611,58.17,2024-09-02 03:12:00,3,0,0,0,1,0.071838,0.515,0,0,NONE
0x0000000000000000000000000000000000000009,0x0000000000000000000000000000000000000009,0x000000000000000000000000000000000000006e,0.092218,26661,48.72,2024-09-02 03:14:00,3,0,1,0,1,0.132553,0.854,1,0,NONE
0x0000000000000000000000000000000000000003,0x0000000000000000000000000000000000000003,0x0000000000000000000000000000000000000077,0.111812,73555,34.66,2024-09-02 03:16:00,3,0,0,0,3,0.153847,0.767,1,0,NONE
0x000000000000000000000000000000000000000e,0x000000000000000000000000000000000000000e,0x0000000000000000000000000000000000000080,0.04224,24043,12.79,2024-09-02 03:18:00,3,0,0,0,1,0.086829,0.064,2,0,NONE
0x000000000000000000000000000000000000000c,0x000000000000000000000000000000000000000c,0x0000000000000000000000000000000000000068,0.36254,26903,64.57,2024-09-02 03:23:00,3,0,1,0,3,0.417623,-0.732,1,0,NONE
0x0000000000000000000000000000000000000008,0x0000000000000000000000000000000000000008,0x0000000000000000000000000000000000000073,0.462795,59157,38.06,2024-09-02 03:24:00,3,0,0,0,3,0.753176,-1.39,2,0,NONE
0x000000000000000000000000000000000000000b,0x000000000000000000000000000000000000000b,0x0000000000000000000000000000000000000079,0.039984,56037,54.68,2024-09-02 03:24:00,3,0,0,0,3,0.061485,-0.599,1,0,NONE
0x0000000000000000000000000000000000000006,0x0000000000000000000000000000000000000006,0x0000000000000000000000000000000000000076,0.290708,35912,60.5,2024-09-02 03:24:00,3,0,0,0,1,0.519306,0.664,3,0,NONE
0x000000000000000000000000000000000000000a,0x000000000000000000000000000000000000000a,0x000000000000000000000000000000000000007a,0.046642,64393,37.69,2024-09-02 03:30:00,3,0,0,0,2,0.069212,1.428,3,0,NONE
0x0000000000000000000000000000000000000003,0x0000000000000000000000000000000000000003,0x000000000000000000000000000000000000007d,0.262468,36682,59.68,2024-09-02 03:35:00,3,0,0,0,1,0.47989,-1.22,0,0,NONE
0x000000000000000000000000000000000000000b,0x000000000000000000000000000000000000000b,0x0000000000000000000000000000000000000070,0.084535,29889,64.64,2024-09-02 03:36:00,3,0,0,0,3,0.088206,-0.922,1,0,NONE
0x0000000000000000000000000000000000000007,0x0000000000000000000000000000000000000007,0x0000000000000000000000000000000000000080,0.175644,69182,73.81,2024-09-02 03:36:00,3,0,0,0,2,0.322092,-1.359,2,0,NONE
0x000000000000000000000000000000000000000b,0x000000000000000000000000000000000000000b,0x000000000000000000000000000000000000007f,0.233817,43853,42.13,2024-09-02 03:44:00,3,0,0,0,2,0.471327,0.973,3,0,NONE
0x000000000000000000000000000000000000000c,0x000000000000000000000000000000000000000c,0x000000000000000000000000000000000000007a,0.086846,76749,43.48,2024-09-02 04:09:00,4,0,0,0,1,0.101574,0.589,0,0,NONE
0x0000000000000000000000000000000000000002,0x0000000000000000000000000000000000000002,0x0000000000000000000000000000000000000078,0.091123,77915,62.7,2024-09-02 04:12:00,4,0,0,0,1,0.169589,-0.092,3,0,NONE
0x0000000000000000000000000000000000000003,0x0000000000000000000000000000000000000003,0x0000000000000000000000000000000000000080,0.078736,48189,55.84,2024-09-02 04:12:00,4,0,0,0,3,0.126936,1.355,0,0,NONE
0x0000000000000000000000000000000000000008,0x0000000000000000000000000000000000000008,0x0000000000000000000000000000000000000077,0.014654,62823,74.01,2024-09-02 04:12:00,4,0,0,0,1,0.029109,-0.435,0,0,NONE
0x0000000000000000000000000000000000000006,0x0000000000000000000000000000000000000006,0x0000000000000000000000000000000000000064,0.090559,38090,36.85,2024-09-02 04:12:00,4,0,0,0,2,0.220154,-0.594,0,0,NONE
0x0000000000000000000000000000000000000003,0x0000000000000000000000000000000000000003,0x0000000000000000000000000000000000000075,0.014176,52741,34.16,2024-09-02 04:15:00,4,0,0,0,3,0.022197,1.299,1,0,NONE
0x0000000000000000000000000000000000000006,0x0000000000000000000000000000000000000006,0x0000000000000000000000000000000000000074,0.152292,45695,31.96,2024-09-02 04:15:00,4,0,0,0,3,0.230492,-0.437,2,0,NONE
0x0000000000000000000000000000000000000008,0x0000000000000000000000000000000000000008,0x0000000000000000000000000000000000000075,0.083099,59044,58.14,2024-09-02 04:16:00,4,0,0,0,2,0.131853,0.817,1,0,NONE
0x0000000000000000000000000000000000000009,0x0000000000000000000000000000000000000009,0x000000000000000000000000000000000000007a,0.063215,53836,63.7,2024-09-02 04:36:00,4,0,0,0,2,0.071031,0.11,1,0,NONE
0x0000000000000000000000000000000000000005,0x0000000000000000000000000000000000000005,0x000000000000000000000000000000000000007b,0.074831,49818,72.62,2024-09-02 04:41:00,4,0,0,0,1,0.130528,-0.007,2,0,NONE
0x0000000000000000000000000000000000000002,0x0000000000000000000000000000000000000002,0x0000000000000000000000000000000000000071,0.036432,75432,73.48,2024-09-02 04:48:00,4,0,0,0,1,0.077071,-0.076,2,0,NONE
0x0000000000000000000000000000000000000005,0x0000000000000000000000000000000000000005,0x0000000000000000000000000000000000000065,0.799436,62659,37.08,2024-09-02 04:52:00,4,0,0,0,3,0.818913,0.866,2,0,NONE
0x0000000000000000000000000000000000000006,0x0000000000000000000000000000000000000006,0x0000000000000000000000000000000000000080,0.204081,23455,10.65,2024-09-02 05:00:00,5,0,0,0,1,0.488301,-0.495,3,0,NONE
0x0000000000000000000000000000000000000002,0x0000000000000000000000000000000000000002,0x000000000000000000000000000000000000006e,0.250959,56560,42.61,2024-09-02 05:00:00,5,0,1,0,2,0.397573,0.809,0,0,NONE
0x0000000000000000000000000000000000000001,0x0000000000000000000000000000000000000001,0x0000000000000000000000000000000000000081,0.093772,72384,64.96,2024-09-02 05:05:00,5,0,0,0,3,0.228426,1.486,3,0,NONE
0x0000000000000000000000000000000000000007,0x0000000000000000000000000000000000000007,0x0000000000000000000000000000000000000074,0.150466,78855,44.81,2024-09-02 05:06:00,5,0,0,0,3,0.25643,1.019,1,0,NONE
0x000000000000000000000000000000000000000f,0x000000000000000000000000000000000000000f,0x000000000000000000000000000000000000007f,0.029201,38019,23.1,2024-09-02 05:12:00,5,0,0,0,2,0.049847,0.339,2,0,NONE
0x000000000000000000000000000000000000000a,0x000000000000000000000000000000000000000a,0x000000000000000000000000000000000000006e,0.030603,73835,61.67,2024-09-02 05:22:00,5,0,0,0,3,0.031898,0.602,1,0,NONE
0x0000000000000000000000000000000000000005,0x0000000000000000000000000000000000000005,0x0000000000000000000000000000000000000072,0.11441,60493,60.24,2024-09-02 05:27:00,5,0,0,0,2,0.174741,-1.373,2,0,NONE
0x0000000000000000000000000000000000000001,0x0000000000000000000000000000000000000001,0x0000000000000000000000000000000000000064,0.041805,28331,75.04,2024-09-02 05:30:00,5,0,0,0,2,0.05682,-0.777,0,0,NONE
0x0000000000000000000000000000000000000001,0x0000000000000000000000000000000000000001,0x000000000000000000000000000000000000006a,0.020626,24832,50.54,2024-09-02 05:30:00,5,0,0,0,3,0.030329,-1.35,3,0,NONE
0x000000000000000000000000000000000000000f,0x000000000000000000000000000000000000000f,0x000000000000000000000000000000000000006c,0.061622,26191,39.56,2024-09-02 05:36:00,5,0,0,0,3,0.136269,0.554,2,0,NONE
0x000000000000000000000000000000000000000f,0x000000000000000000000000000000000000000f,0x000000000000000000000000000000000000006b,0.015325,41544,32.18,2024-09-02 05:51:00,5,0,0,0,2,0.029241,-0.314,3,0,NONE
0x000000000000000000000000000000000000000c,0x000000000000000000000000000000000000000c,0x0000000000000000000000000000000000000074,0.069193,55282,58.18,2024-09-02 05:51:00,5,0,0,0,2,0.137872,-0.754,2,0,NONE
0x0000000000000000000000000000000000000005,0x0000000000000000000000000000000000000005,0x000000000000000000000000000000000000007a,0.033224,52361,54.22,2024-09-02 05:52:00,5,0,0,0,1,0.068909,1.331,0,0,NONE
0x0000000000000000000000000000000000000007,0x0000000000000000000000000000000000000007,0x000000000000000000000000000000000000007d,0.018078,47011,15.53,2024-09-02 05:54:00,5,0,0,0,2,0.033399,1.471,1,0,NONE
0x0000000000000000000000000000000000000003,0x0000000000000000000000000000000000000003,0x0000000000000000000000000000000000000078,0.061945,26263,69.62,2024-09-02 06:22:00,6,0,0,0,3,0.097255,-0.55,3,0,NONE
0x0000000000000000000000000000000000000004,0x0000000000000000000000000000000000000004,0x0000000000000000000000000000000000000067,0.032068,43621,40.09,2024-09-02 06:28:00,6,0,0,0,3,0.060599,0.081,2,0,NONE
0x0000000000000000000000000000000000000008,0x0000000000000000000000000000000000000008,0x0000000000000000000000000000000000000079,0.331475,63384,37.97,2024-09-02 06:30:00,6,0,0,0,2,0.384152,-1.204,1,0,NONE
0x0000000000000000000000000000000000000002,0x0000000000000000000000000000000000000002,0x000000000000000000000000000000000000006c,0.046189,70283,76.58,2024-09-02 06:32:00,6,0,0,0,1,0.078774,0.747,0,0,NONE
0x000000000000000000000000000000000000000f,0x000000000000000000000000000000000000000f,0x000000000000000000000000000000000000007b,0.161308,59464,46.47,2024-09-02 06:48:00,6,0,0,0,1,0.205801,-1.431,1,0,NONE
0x000000000000000000000000000000000000000f,0x000000000000000000000000000000000000000f,0x0000000000000000000000000000000000000067,0.015618,44009,70.72,2024-09-02 07:00:00,7,0,0,0,1,0.029132,0.45,1,0,NONE
0x0000000000000000000000000000000000000003,0x0000000000000000000000000000000000000003,0x0000000000000000000000000000000000000078,0.133302,48807,58.32,2024-09-02 07:10:00,7,0,0,0,2,0.173136,-0.346,3,0,NONE
0x0000000000000000000000000000000000000009,0x0000000000000000000000000000000000000009,0x000000000000000000000000000000000000006b,0.121117,42089,27.38,2024-09-02 07:20:00,7,0,0,0,2,0.170398,-1.266,2,0,NONE
0x0000000000000000000000000000000000000001,0x0000000000000000000000000000000000000001,0x0000000000000000000000000000000000000071,0.062604,47941,42.69,2024-09-02 07:33:00,7,0,0,0,3,0.123967,0.439,0,0,NONE
0x0000000000000000000000000000000000000009,0x0000000000000000000000000000000000000009,0x0000000000000000000000000000000000000067,1.010924,34447,47.09,2024-09-02 07:35:00,7,0,0,0,2,2.468452,1.418,1,0,NONE
0x000000000000000000000000000000000000000d,0x000000000000000000000000000000000000000d,0x0000000000000000000000000000000000000075,0.05941,44467,15.1,2024-09-02 07:36:00,7,0,0,0,3,0.079012,-0.948,0,0,NONE
0x000000000000000000000000000000000000000b,0x000000000000000000000000000000000000000b,0x0000000000000000000000000000000000000078,0.043678,26852,25.56,2024-09-02 07:40:00,7,0,0,0,2,0.071226,1.161,2,0,NONE
0x0000000000000000000000000000000000000001,0x0000000000000000000000000000000000000001,0x000000000000000000000000000000000000007e,0.024346,25535,78.46,2024-09-02 07:40:00,7,0,0,0,1,0.029035,-0.074,1,0,NONE
0x0000000000000000000000000000000000000004,0x0000000000000000000000000000000000000004,0x0000000000000000000000000000000000000064,0.107846,42284,22.03,2024-09-02 07:40:00,7,0,0,0,2,0.242442,1.259,0,0,NONE
0x0000000000000000000000000000000000000005,0x0000000000000000000000000000000000000005,0x0000000000000000000000000000000000000066,0.123611,49220,52.17,2024-09-02 07:40:00,7,0,0,0,3,0.17808,-1.192,2,0,NONE
0x000000000000000000000000000000000000000e,0x000000000000000000000000000000000000000e,0x000000000000000000000000000000000000006c,0.423268,77031,47.53,2024-09-02 07:40:00,7,0,0,0,3,0.598222,0.542,1,0,NONE
0x0000000000000000000000000000000000000001,0x0000000000000000000000000000000000000001,0x000000000000000000000000000000000000007d,0.089014,77470,17.65,2024-09-02 07:42:00,7,0,0,0,3,0.148913,-0.234,2,0,NONE
0x0000000000000000000000000000000000000004,0x0000000000000000000000000000000000000004,0x0000000000000000000000000000000000000065,0.527251,65169,15.71,2024-09-02 07:45:00,7,0,0,0,2,0.911349,-0.174,2,0,NONE
0x000000000000000000000000000000000000000e,0x000000000000000000000000000000000000000e,0x0000000000000000000000000000000000000068,0.203724,28115,11.16,2024-09-02 07:54:00,7,0,0,0,3,0.412857,0.98,0,0,NONE
0x0000000000000000000000000000000000000002,0x0000000000000000000000000000000000000002,0x000000000000000000000000000000000000007a,0.519777,52201,55.21,2024-09-02 07:54:00,7,0,0,0,1,0.592327,-0.835,1,0,NONE
0x0000000000000000000000000000000000000003,0x0000000000000000000000000000000000000003,0x0000000000000000000000000000000000000071,0.054407,30540,27.09,2024-09-02 08:10:00,8,0,0,0,3,0.119085,-0.99,0,0,NONE
0x0000000000000000000000000000000000000001,0x0000000000000000000000000000000000000001,0x0000000000000000000000000000000000000072,0.027609,28930,27.35,2024-09-02 08:12:00,8,0,1,0,1,0.051973,-0.81,1,0,NONE
0x0000000000000000000000000000000000000002,0x0000000000000000000000000000000000000002,0x000000000000000000000000000000000000006c,0.171018,71188,64.44,2024-09-02 08:15:00,8,0,0,0,1,0.24146,-1.268,2,0,NONE
0x000000000000000000000000000000000000000b,0x000000000000000000000000000000000000000b,0x0000000000000000000000000000000000000072,0.03301,76785,18.24,2024-09-02 08:15:00,8,0,1,0,3,0.061906,1.333,0,0,NONE
0x0000000000000000000000000000000000000002,0x0000000000000000000000000000000000000002,0x000000000000000000000000000000000000007b,0.122153,31816,68.84,2024-09-02 08:40:00,8,0,0,0,3,0.22002,1.221,0,0,NONE
0x0000000000000000000000000000000000000003,0x0000000000000000000000000000000000000003,0x0000000000000000000000000000000000000064,0.08259,68346,20.09,2024-09-02 08:48:00,8,0,0,0,1,0.09186,0.845,2,0,NONE
0x0000000000000000000000000000000000000002,0x0000000000000000000000000000000000000002,0x000000000000000000000000000000000000006b,0.065691,63607,14.8,2024-09-02 08:56:00,8,0,0,0,1,0.140011,1.349,1,0,NONE
0x0000000000000000000000000000000000000007,0x0000000000000000000000000000000000000007,0x0000000000000000000000000000000000000065,0.231982,57865,70.49,2024-09-02 09:00:00,9,0,0,0,1,0.322724,1.304,3,0,NONE
0x0000000000000000000000000000000000000005,0x0000000000000000000000000000000000000005,0x0000000000000000000000000000000000000067,0.061148,71561,50.73,2024-09-02 09:00:00,9,0,0,0,1,0.065215,0.138,1,0,NONE
0x000000000000000000000000000000000000000a,0x000000000000000000000000000000000000000a,0x0000000000000000000000000000000000000078,0.108442,41793,22.19,2024-09-02 09:10:00,9,0,0,0,3,0.253147,0.341,2,0,NONE
0x0000000000000000000000000000000000000003,0x0000000000000000000000000000000000000003,0x0000000000000000000000000000000000000078,0.065165,25142,54.48,2024-09-02 09:24:00,9,0,0,0,3,0.094703,-0.275,1,0,NONE
0x0000000000000000000000000000000000000003,0x0000000000000000000000000000000000000003,0x0000000000000000000000000000000000000077,0.031344,65769,26.86,2024-09-02 09:28:00,9,0,0,0,1,0.042261,0.414,3,0,NONE
0x0000000000000000000000000000000000000001,0x0000000000000000000000000000000000000001,0x0000000000000000000000000000000000000080,0.22026,76450,13.56,2024-09-02 09:40:00,9,0,0,0,2,0.234826,-0.499,1,0,NONE
0x0000000000000000000000000000000000000002,0x0000000000000000000000000000000000000002,0x000000000000000000000000000000000000007f,0.4179,65843,52.03,2024-09-02 09:42:00,9,0,0,0,3,0.908495,-0.458,3,0,NONE
0x0000000000000000000000000000000000000001,0x0000000000000000000000000000000000000001,0x0000000000000000000000000000000000000079,0.007816,37353,56.69,2024-09-02 09:58:00,9,0,0,0,3,0.018182,-0.281,1,0,NONE
0x000000000000000000000000000000000000000e,0x000000000000000000000000000000000000000e,0x000000000000000000000000000000000000006f,0.059009,59603,66.32,2024-09-02 10:20:00,10,0,0,0,3,0.110003,-0.224,2,0,NONE
0x0000000000000000000000000000000000000003,0x0000000000000000000000000000000000000003,0x0000000000000000000000000000000000000072,0.020193,50143,76.54,2024-09-02 10:35:00,10,0,0,0,1,0.049905,-0.398,2,0,NONE
0x0000000000000000000000000000000000000005,0x0000000000000000000000000000000000000005,0x000000000000000000000000000000000000006a,0.075216,62619,76.94,2024-09-02 10:40:00,10,0,0,0,3,0.109382,0.1,1,0,NONE
0x0000000000000000000000000000000000000002,0x0000000000000000000000000000000000000002,0x0000000000000000000000000000000000000068,0.26465,77809,42.32,2024-09-02 10:42:00,10,0,1,0,2,0.394601,-0.136,2,0,NONE
0x000000000000000000000000000000000000000f,0x000000000000000000000000000000000000000f,0x0000000000000000000000000000000000000067,0.028703,50481,62.12,2024-09-02 10:56:00,10,0,0,0,2,0.052829,1.296,2,0,NONE
0x0000000000000000000000000000000000000006,0x0000000000000000000000000000000000000006,0x000000000000000000000000000000000000006c,0.162849,57832,58.73,2024-09-02 11:04:00,11,0,0,0,3,0.343829,-0.782,0,0,NONE
0x000000000000000000000000000000000000000f,0x000000000000000000000000000000000000000f,0x000000000000000000000000000000000000007a,0.041084,61812,44.44,2024-09-02 11:06:00,11,0,0,0,1,0.044143,0.105,1,0,NONE
0x0000000000000000000000000000000000000005,0x0000000000000000000000000000000000000005,0x000000000000000000000000000000000000006c,0.221489,62908,78.6,2024-09-02 11:06:00,11,0,0,0,1,0.444479,-0.281,1,0,NONE
0x0000000000000000000000000000000000000005,0x0000000000000000000000000000000000000005,0x000000000000000000000000000000000000006e,0.05975,63569,29.51,2024-09-02 11:10:00,11,0,0,0,1,0.125685,-0.003,3,0,NONE
0x0000000000000000000000000000000000000007,0x0000000000000000000000000000000000000007,0x0000000000000000000000000000000000000080,0.013257,56588,49.45,2024-09-02 11:13:00,11,0,1,0,2,0.013568,-0.879,1,0,NONE
0x0000000000000000000000000000000000000002,0x0000000000000000000000000000000000000002,0x000000000000000000000000000000000000006b,0.53664,28907,60.49,2024-09-02 11:20:00,11,0,0,0,3,0.967989,0.787,1,0,NONE
0x0000000000000000000000000000000000000002,0x0000000000000000000000000000000000000002,0x000000000000000000000000000000000000007d,0.056639,60534,72.85,2024-09-02 11:23:00,11,0,0,0,2,0.093667,-1.413,2,0,NONE
0x0000000000000000000000000000000000000008,0x0000000000000000000000000000000000000008,0x0000000000000000000000000000000000000077,0.018585,30035,50.24,2024-09-02 11:24:00,11,0,0,0,2,0.036301,0.58,1,0,NONE
0x0000000000000000000000000000000000000003,0x0000000000000000000000000000000000000003,0x0000000000000000000000000000000000000076,1.577578,45970,67.57,2024-09-02 11:33:00,11,0,0,0,1,3.174489,-0.086,2,0,NONE
0x000000000000000000000000000000000000000d,0x000000000000000000000000000000000000000d,0x0000000000000000000000000000000000000079,0.078927,28753,47.44,2024-09-02 11:45:00,11,0,0,0,3,0.086414,0.738,0,0,NONE
0x0000000000000000000000000000000000000001,0x0000000000000000000000000000000000000001,0x0000000000000000000000000000000000000069,0.018968,69577,40.93,2024-09-02 11:55:00,11,0,0,0,3,0.019243,-1.274,1,0,NONE
0x0000000000000000000000000000000000000001,0x0000000000000000000000000000000000000001,0x0000000000000000000000000000000000000071,0.119684,34880,75.02,2024-09-02 12:05:00,12,0,0,0,3,0.155796,-0.565,2,0,NONE
0x000000000000000000000000000000000000000a,0x000000000000000000000000000000000000000a,0x0000000000000000000000000000000000000064,0.024649,49023,16.13,2024-09-02 12:06:00,12,0,0,0,3,0.046841,-0.901,0,0,NONE
0x000000000000000000000000000000000000000c,0x000000000000000000000000000000000000000c,0x000000000000000000000000000000000000006c,0.082603,78571,61.31,2024-09-02 12:12:00,12,0,0,0,2,0.105261,-0.298,3,0,NONE
0x0000000000000000000000000000000000000005,0x0000000000000000000000000000000000000005,0x0000000000000000000000000000000000000069,0.144842,31614,32.59,2024-09-02 12:18:00,12,0,0,0,2,0.350695,0.057,2,0,NONE
0x0000000000000000000000000000000000000002,0x0000000000000000000000000000000000000002,0x0000000000000000000000000000000000000070,0.029985,52259,10.41,2024-09-02 12:18:00,12,0,0,0,2,0.068371,1.36,3,0,NONE
0x0000000000000000000000000000000000000007,0x0000000000000000000000000000000000000007,0x000000000000000000000000000000000000007b,0.054946,63054,61.77,2024-09-02 12:40:00,12,0,0,0,3,0.120467,-0.992,3,0,NONE
0x0000000000000000000000000000000000000001,0x0000000000000000000000000000000000000001,0x0000000000000000000000000000000000000080,0.757853,25508,71.55,2024-09-02 12:52:00,12,0,0,0,1,1.255972,0.13,2,0,NONE
0x000000000000000000000000000000000000000f,0x000000000000000000000000000000000000000f,0x000000000000000000000000000000000000006c,0.203207,29194,60.06,2024-09-02 12:56:00,12,0,0,0,1,0.2307,-1.456,1,0,NONE
0x000000000000000000000000000000000000000c,0x000000000000000000000000000000000000000c,0x000000000000000000000000000000000000007f,0.152183,53495,70.86,2024-09-02 13:04:00,13,0,1,0,2,0.225376,-0.507,2,0,NONE
0x000000000000000000000000000000000000000b,0x000000000000000000000000000000000000000b,0x0000000000000000000000000000000000000066,1.136284,43038,79.19,2024-09-02 13:09:00,13,0,0,0,2,1.58139,0.633,2,0,NONE
0x000000000000000000000000000000000000000b,0x000000000000000000000000000000000000000b,0x000000000000000000000000000000000000006d,0.029967,38001,73.48,2024-09-02 13:13:00,13,0,0,0,3,0.031555,0.624,1,0,NONE
0x000000000000000000000000000000000000000c,0x000000000000000000000000000000000000000c,0x0000000000000000000000000000000000000064,0.173326,77529,57.91,2024-09-02 13:14:00,13,0,0,0,1,0.298921,-0.036,3,0,NONE
0x0000000000000000000000000000000000000003,0x0000000000000000000000000000000000000003,0x0000000000000000000000000000000000000076,0.789325,44524,50.24,2024-09-02 13:16:00,13,0,0,0,2,0.815301,0.99,3,0,NONE
0x0000000000000000000000000000000000000006,0x0000000000000000000000000000000000000006,0x0000000000000000000000000000000000000081,0.257896,31350,38.48,2024-09-02 13:18:00,13,0,0,0,2,0.442594,-0.902,2,0,NONE
0x000000000000000000000000000000000000000b,0x000000000000000000000000000000000000000b,0x000000000000000000000000000000000000006b,1.087432,65413,24.47,2024-09-02 13:30:00,13,0,0,0,3,1.12014,0.841,0,0,NONE
0x000000000000000000000000000000000000000c,0x000000000000000000000000000000000000000c,0x000000000000000000000000000000000000007a,0.033434,27967,13.2,2024-09-02 13:35:00,13,0,0,0,1,0.07465,0.728,3,0,NONE
0x0000000000000000000000000000000000000001,0x0000000000000000000000000000000000000001,0x0000000000000000000000000000000000000065,0.015074,36003,14.72,2024-09-02 13:52:00,13,0,1,0,2,0.016676,-0.786,3,0,NONE
0x0000000000000000000000000000000000000005,0x0000000000000000000000000000000000000005,0x000000000000000000000000000000000000006a,0.030839,39750,34.99,2024-09-02 14:00:00,14,0,0,0,3,0.046193,-1.127,2,0,NONE
0x0000000000000000000000000000000000000006,0x0000000000000000000000000000000000000006,0x000000000000000000000000000000000000006b,0.320677,62808,26.3,2024-09-02 14:00:00,14,0,0,0,2,0.665737,-1.198,1,0,NONE
0x0000000000000000000000000000000000000006,0x0000000000000000000000000000000000000006,0x000000000000000000000000000000000000007a,1.319945,36486,14.35,2024-09-02 14:06:00,14,0,0,0,2,1.636171,0.558,2,0,NONE
0x000000000000000000000000000000000000000b,0x000000000000000000000000000000000000000b,0x000000000000000000000000000000000000007c,0.031118,36748,72.98,2024-09-02 14:08:00,14,0,0,0,3,0.04998,-0.541,1,0,NONE
0x000000000000000000000000000000000000000e,0x000000000000000000000000000000000000000e,0x0000000000000000000000000000000000000074,0.041131,48569,35.93,2024-09-02 14:12:00,14,0,1,0,3,0.067596,1.315,3,0,NONE
0x000000000000000000000000000000000000000c,0x000000000000000000000000000000000000000c,0x000000000000000000000000000000000000007a,0.122307,50657,17.98,2024-09-02 14:12:00,14,0,0,0,1,0.12271,-0.435,2,0,NONE
0x0000000000000000000000000000000000000007,0x0000000000000000000000000000000000000007,0x000000000000000000000000000000000000007d,0.133451,32748,17.49,2024-09-02 14:18:00,14,0,0,0,1,0.181687,0.359,2,0,NONE
0x0000000000000000000000000000000000000007,0x0000000000000000000000000000000000000007,0x000000000000000000000000000000000000007a,0.071527,34402,37.76,2024-09-02 14:30:00,14,0,0,0,2,0.154732,-0.358,2,0,NONE
0x000000000000000000000000000000000000000a,0x000000000000000000000000000000000000000a,0x000000000000000000000000000000000000007e,0.014441,32491,36.49,2024-09-02 14:40:00,14,0,0,0,2,0.0172,0.686,3,0,NONE
0x000000000000000000000000000000000000000d,0x000000000000000000000000000000000000000d,0x000000000000000000000000000000000000007b,0.579458,39535,11.73,2024-09-02 14:40:00,14,0,0,0,2,1.026489,0.026,3,0,NONE
0x000000000000000000000000000000000000000e,0x000000000000000000000000000000000000000e,0x000000000000000000000000000000000000007e,0.106116,47928,11.57,2024-09-02 15:00:00,15,0,1,0,3,0.200402,-1.096,0,0,NONE
0x0000000000000000000000000000000000000003,0x0000000000000000000000000000000000000003,0x000000000000000000000000000000000000006a,0.323482,29005,76.43,2024-09-02 15:14:00,15,0,0,0,1,0.645073,0.425,0,0,NONE
0x000000000000000000000000000000000000000d,0x000000000000000000000000000000000000000d,0x0000000000000000000000000000000000000077,0.089718,61706,27.07,2024-09-02 15:30:00,15,0,1,0,2,0.141042,0.889,0,0,NONE
0x0000000000000000000000000000000000000002,0x0000000000000000000000000000000000000002,0x000000000000000000000000000000000000006e,0.037849,22880,44.6,2024-09-02 15:56:00,15,0,0,0,2,0.049892,0.893,2,0,NONE
0x000000000000000000000000000000000000000a,0x000000000000000000000000000000000000000a,0x0000000000000000000000000000000000000065,0.015162,32932,52.17,2024-09-02 16:00:00,16,0,0,0,3,0.020186,0.197,3,0,NONE
0x0000000000000000000000000000000000000008,0x0000000000000000000000000000000000000008,0x000000000000000000000000000000000000006d,1.061454,30194,23.1,2024-09-02 16:10:00,16,0,0,0,3,1.146813,-0.423,0,0,NONE
0x000000000000000000000000000000000000000f,0x000000000000000000000000000000000000000f,0x000000000000000000000000000000000000007d,0.149733,73393,44.89,2024-09-02 16:25:00,16,0,0,0,3,0.327487,-0.509,1,0,NONE
0x0000000000000000000000000000000000000007,0x0000000000000000000000000000000000000007,0x0000000000000000000000000000000000000078,0.046424,24849,46.68,2024-09-02 16:31:00,16,0,0,0,1,0.112243,0.505,0,0,NONE
0x0000000000000000000000000000000000000006,0x0000000000000000000000000000000000000006,0x0000000000000000000000000000000000000078,0.06178,37860,60.3,2024-09-02 16:36:00,16,0,1,0,2,0.13506,0.203,1,0,NONE
0x000000000000000000000000000000000000000f,0x000000000000000000000000000000000000000f,0x000000000000000000000000000000000000006d,0.030284,44971,38.85,2024-09-02 16:52:00,16,0,0,0,1,0.030288,0.946,1,0,NONE
0x0000000000000000000000000000000000000007,0x0000000000000000000000000000000000000007,0x0000000000000000000000000000000000000081,0.04591,26042,30.95,2024-09-02 16:56:00,16,0,0,0,3,0.103388,-0.333,2,0,NONE
0x000000000000000000000000000000000000000a,0x000000000000000000000000000000000000000a,0x0000000000000000000000000000000000000078,0.06775,31813,52.51,2024-09-02 17:21:00,17,0,0,0,1,0.07804,-0.883,1,0,NONE
0x0000000000000000000000000000000000000009,0x0000000000000000000000000000000000000009,0x0000000000000000000000000000000000000073,0.167661,71633,64.31,2024-09-02 17:49:00,17,0,0,0,3,0.358916,-0.765,0,0,NONE
0x0000000000000000000000000000000000000004,0x0000000000000000000000000000000000000004,0x000000000000000000000000000000000000007c,0.112125,58976,41.42,2024-09-02 18:00:00,18,0,0,0,3,0.220268,1.46,2,0,NONE
0x0000000000000000000000000000000000000008,0x0000000000000000000000000000000000000008,0x0000000000000000000000000000000000000067,0.181692,43801,34.64,2024-09-02 18:26:00,18,0,0,0,1,0.403467,0.618,2,0,NONE
0x0000000000000000000000000000000000000003,0x0000000000000000000000000000000000000003,0x0000000000000000000000000000000000000069,0.008209,34159,19.25,2024-09-02 18:30:00,18,0,0,0,2,0.014746,1.24,1,0,NONE
0x000000000000000000000000000000000000000c,0x000000000000000000000000000000000000000c,0x0000000000000000000000000000000000000072,0.021289,41713,18.31,2024-09-02 18:35:00,18,0,0,0,3,0.021856,-0.29,0,0,NONE
0x000000000000000000000000000000000000000d,0x000000000000000000000000000000000000000d,0x0000000000000000000000000000000000000066,0.130143,58680,67.51,2024-09-02 18:36:00,18,0,0,0,2,0.205893,0.391,3,0,NONE
0x000000000000000000000000000000000000000c,0x000000000000000000000000000000000000000c,0x000000000000000000000000000000000000006e,0.380303,44812,67.77,2024-09-02 18:42:00,18,0,0,0,2,0.569678,0.802,3,0,NONE
0x0000000000000000000000000000000000000003,0x0000000000000000000000000000000000000003,0x000000000000000000000000000000000000007f,0.088237,73729,49.01,2024-09-02 18:56:00,18,0,0,0,2,0.090079,0.11,3,0,NONE
0x000000000000000000000000000000000000000e,0x000000000000000000000000000000000000000e,0x0000000000000000000000000000000000000077,0.04343,23558,71.44,2024-09-02 18:58:00,18,0,0,0,1,0.049501,0.478,0,0,NONE
0x0000000000000000000000000000000000000003,0x0000000000000000000000000000000000000003,0x000000000000000000000000000000000000007a,0.04955,78185,17.04,2024-09-02 19:09:00,19,0,0,0,2,0.116697,-1.362,0,0,NONE
0x000000000000000000000000000000000000000f,0x000000000000000000000000000000000000000f,0x0000000000000000000000000000000000000081,0.029107,38852,48.4,2024-09-02 19:22:00,19,0,0,0,3,0.052653,0.272,3,0,NONE
0x0000000000000000000000000000000000000002,0x0000000000000000000000000000000000000002,0x0000000000000000000000000000000000000069,0.27369,69090,46.52,2024-09-02 19:27:00,19,0,0,0,3,0.605484,0.115,3,0,NONE
0x0000000000000000000000000000000000000003,0x0000000000000000000000000000000000000003,0x000000000000000000000000000000000000006b,0.202365,29252,65.09,2024-09-02 19:30:00,19,0,0,0,3,0.265247,-0.852,1,0,NONE
0x0000000000000000000000000000000000000004,0x0000000000000000000000000000000000000004,0x0000000000000000000000000000000000000074,0.153559,30886,77.04,2024-09-02 19:44:00,19,0,0,0,2,0.37984,-1.247,1,0,NONE
0x0000000000000000000000000000000000000004,0x0000000000000000000000000000000000000004,0x0000000000000000000000000000000000000072,0.11723,55345,46.59,2024-09-02 19:56:00,19,0,0,0,2,0.278645,-0.338,2,0,NONE
0x0000000000000000000000000000000000000001,0x0000000000000000000000000000000000000001,0x0000000000000000000000000000000000000076,0.105466,57210,20.37,2024-09-02 20:00:00,20,0,0,0,2,0.163154,1.299,0,0,NONE
0x0000000000000000000000000000000000000006,0x0000000000000000000000000000000000000006,0x0000000000000000000000000000000000000074,0.032472,53369,72.25,2024-09-02 20:05:00,20,0,0,0,3,0.055268,-0.922,0,0,NONE
0x0000000000000000000000000000000000000009,0x0000000000000000000000000000000000000009,0x0000000000000000000000000000000000000068,0.01912,62760,67.4,2024-09-02 20:24:00,20,0,1,0,3,0.020906,0.487,1,0,NONE
0x0000000000000000000000000000000000000004,0x0000000000000000000000000000000000000004,0x0000000000000000000000000000000000000070,0.016831,51324,50.62,2024-09-02 20:24:00,20,0,0,0,3,0.039449,-0.151,1,0,NONE
0x0000000000000000000000000000000000000008,0x0000000000000000000000000000000000000008,0x0000000000000000000000000000000000000072,0.125986,25949,54.35,2024-09-02 20:40:00,20,0,0,0,1,0.202116,0.749,2,0,NONE
0x0000000000000000000000000000000000000001,0x0000000000000000000000000000000000000001,0x0000000000000000000000000000000000000069,0.128843,24727,77.25,2024-09-02 20:45:00,20,0,0,0,1,0.142086,-1.296,1,0,NONE
0x0000000000000000000000000000000000000008,0x0000000000000000000000000000000000000008,0x0000000000000000000000000000000000000066,0.550582,65047,19.38,2024-09-02 20:49:00,20,0,0,0,2,0.647167,-0.38,1,0,NONE
0x000000000000000000000000000000000000000b,0x000000000000000000000000000000000000000b,0x0000000000000000000000000000000000000069,0.006418,40253,16.83,2024-09-02 20:55:00,20,0,0,0,2,0.013399,0.177,1,0,NONE
0x0000000000000000000000000000000000000005,0x0000000000000000000000000000000000000005,0x0000000000000000000000000000000000000065,0.469654,60655,20.74,2024-09-02 21:00:00,21,0,0,0,2,0.73173,0.789,1,0,NONE
0x0000000000000000000000000000000000000006,0x0000000000000000000000000000000000000006,0x0000000000000000000000000000000000000065,0.179365,71379,16.26,2024-09-02 21:00:00,21,0,0,0,3,0.378107,1.051,0,0,NONE
0x0000000000000000000000000000000000000002,0x0000000000000000000000000000000000000002,0x0000000000000000000000000000000000000079,0.217628,45596,37.77,2024-09-02 21:06:00,21,0,0,0,1,0.410914,0.992,1,0,NONE
0x0000000000000000000000000000000000000002,0x0000000000000000000000000000000000000002,0x0000000000000000000000000000000000000069,0.22009,40809,10.99,2024-09-02 21:18:00,21,0,0,0,2,0.235116,-1.336,2,0,NONE
0x000000000000000000000000000000000000000f,0x000000000000000000000000000000000000000f,0x0000000000000000000000000000000000000075,0.113557,21545,58.14,2024-09-02 21:52:00,21,0,0,0,2,0.164591,0.798,2,0,NONE
0x000000000000000000000000000000000000000c,0x000000000000000000000000000000000000000c,0x0000000000000000000000000000000000000070,0.094832,30742,68.73,2024-09-02 22:00:00,22,0,0,0,3,0.102594,0.43,1,0,NONE
0x0000000000000000000000000000000000000005,0x0000000000000000000000000000000000000005,0x000000000000000000000000000000000000006b,0.022707,28953,78.96,2024-09-02 22:17:00,22,0,0,0,1,0.049628,-1.421,2,0,NONE
0x0000000000000000000000000000000000000003,0x0000000000000000000000000000000000000003,0x000000000000000000000000000000000000007d,0.079514,40342,62.26,2024-09-02 22:39:00,22,0,0,0,1,0.135372,-1.274,1,0,NONE
0x0000000000000000000000000000000000000002,0x0000000000000000000000000000000000000002,0x0000000000000000000000000000000000000068,0.021762,36633,18.84,2024-09-02 22:48:00,22,0,0,0,3,0.0527,-0.105,2,0,NONE
0x0000000000000000000000000000000000000003,0x0000000000000000000000000000000000000003,0x000000000000000000000000000000000000007f,0.101215,65944,64.48,2024-09-03 00:00:00,0,1,0,0,3,0.214349,0.999,2,0,NONE
0x0000000000000000000000000000000000000007,0x0000000000000000000000000000000000000007,0x000000000000000000000000000000000000006b,0.037478,25454,59.5,2024-09-03 00:12:00,0,1,1,0,3,0.063113,-1.319,3,0,NONE
0x0000000000000000000000000000000000000002,0x0000000000000000000000000000000000000002,0x0000000000000000000000000000000000000072,0.007558,50014,30.81,2024-09-03 00:16:00,0,1,0,0,2,0.01102,0.363,0,0,NONE
0x0000000000000000000000000000000000000008,0x0000000000000000000000000000000000000008,0x000000000000000000000000000000000000007b,0.16629,71629,63.61,2024-09-03 00:20:00,0,1,0,0,1,0.309145,-0.696,2,0,NONE
0x0000000000000000000000000000000000000004,0x0000000000000000000000000000000000000004,0x000000000000000000000000000000000000006e,0.209756,30893,40.78,2024-09-03 00:40:00,0,1,0,0,3,0.305034,-0.676,0,0,NONE
0x0000000000000000000000000000000000000005,0x0000000000000000000000000000000000000005,0x0000000000000000000000000000000000000068,0.146456,61104,71.9,2024-09-03 01:00:00,1,1,1,0,2,0.366051,0.657,3,0,NONE
0x000000000000000000000000000000000000000a,0x000000000000000000000000000000000000000a,0x000000000000000000000000000000000000007b,0.080233,68839,47.81,2024-09-03 01:24:00,1,1,0,0,2,0.108822,-1.351,3,0,NONE
0x0000000000000000000000000000000000000006,0x0000000000000000000000000000000000000006,0x0000000000000000000000000000000000000080,0.045847,47574,67.89,2024-09-03 02:03:00,2,1,0,0,1,0.073413,-1.214,1,0,NONE
0x0000000000000000000000000000000000000001,0x0000000000000000000000000000000000000001,0x000000000000000000000000000000000000006b,0.039924,58940,51.62,2024-09-03 02:20:00,2,1,0,0,2,0.079291,0.196,2,0,NONE
0x0000000000000000000000000000000000000008,0x0000000000000000000000000000000000000008,0x0000000000000000000000000000000000000080,0.040468,65518,67.06,2024-09-03 03:09:00,3,1,0,0,2,0.096239,1.477,1,0,NONE
0x000000000000000000000000000000000000000e,0x000000000000000000000000000000000000000e,0x0000000000000000000000000000000000000073,0.590941,32712,35.91,2024-09-03 03:11:00,3,1,0,0,2,1.467166,0.233,3,0,NONE
0x0000000000000000000000000000000000000002,0x0000000000000000000000000000000000000002,0x000000000000000000000000000000000000006c,0.126687,42122,69.62,2024-09-03 03:30:00,3,1,0,0,1,0.179692,-0.148,3,0,NONE
0x0000000000000000000000000000000000000005,0x0000000000000000000000000000000000000005,0x0000000000000000000000000000000000000066,0.062778,29213,78.07,2024-09-03 03:51:00,3,1,0,0,2,0.106644,0.052,1,0,NONE
0x0000000000000000000000000000000000000001,0x0000000000000000000000000000000000000001,0x0000000000000000000000000000000000000064,0.080766,64769,67.2,2024-09-03 04:00:00,4,1,0,0,3,0.093315,1.134,2,0,NONE
0x0000000000000000000000000000000000000008,0x0000000000000000000000000000000000000008,0x000000000000000000000000000000000000006e,0.03574,59139,10.17,2024-09-03 04:00:00,4,1,0,0,3,0.040733,1.416,2,0,NONE
0x000000000000000000000000000000000000000f,0x000000000000000000000000000000000000000f,0x0000000000000000000000000000000000000080,0.087006,57961,40.45,2024-09-03 04:03:00,4,1,0,0,3,0.12742,-0.458,1,0,NONE
0x0000000000000000000000000000000000000002,0x0000000000000000000000000000000000000002,0x000000000000000000000000000000000000006c,0.00354,68486,51.27,2024-09-03 04:24:00,4,1,0,0,3,0.005043,-1.198,1,0,NONE
0x000000000000000000000000000000000000000f,0x000000000000000000000000000000000000000f,0x000000000000000000000000000000000000007d,0.027624,38617,38.9,2024-09-03 04:32:00,4,1,0,0,1,0.033285,-1.169,3,0,NONE
0x000000000000000000000000000000000000000e,0x000000000000000000000000000000000000000e,0x000000000000000000000000000000000000006d,3.302425,67635,77.45,2024-09-03 04:42:00,4,1,1,0,1,6.474196,-0.183,1,0,NONE
0x0000000000000000000000000000000000000006,0x0000000000000000000000000000000000000006,0x0000000000000000000000000000000000000081,0.18703,51856,63.01,2024-09-03 05:18:00,5,1,0,0,1,0.400766,0.541,0,0,NONE
0x0000000000000000000000000000000000000005,0x0000000000000000000000000000000000000005,0x0000000000000000000000000000000000000078,0.19336,59521,22.74,2024-09-03 05:36:00,5,1,0,0,2,0.339211,1.105,0,0,NONE
0x0000000000000000000000000000000000000008,0x0000000000000000000000000000000000000008,0x000000000000000000000000000000000000007a,0.063944,43978,70.27,2024-09-03 05:53:00,5,1,0,0,2,0.079864,-1.082,1,0,NONE
0x0000000000000000000000000000000000000004,0x0000000000000000000000000000000000000004,0x000000000000000000000000000000000000007f,0.124399,30854,33.34,2024-09-03 05:55:00,5,1,0,0,1,0.295463,-0.569,3,0,NONE
0x000000000000000000000000000000000000000e,0x000000000000000000000000000000000000000e,0x000000000000000000000000000000000000006d,0.314582,33762,12.35,2024-09-03 05:56:00,5,1,0,0,3,0.644162,0.346,0,0,NONE
0x0000000000000000000000000000000000000003,0x0000000000000000000000000000000000000003,0x0000000000000000000000000000000000000078,0.07507,23583,31.63,2024-09-03 06:32:00,6,1,0,0,3,0.116155,-1.106,2,0,NONE
0x000000000000000000000000000000000000000e,0x000000000000000000000000000000000000000e,0x0000000000000000000000000000000000000071,0.119254,26776,14.49,2024-09-03 06:48:00,6,1,0,0,1,0.228198,0.673,3,0,NONE
0x000000000000000000000000000000000000000e,0x000000000000000000000000000000000000000e,0x000000000000000000000000000000000000007a,0.16396,65863,59.48,2024-09-03 07:26:00,7,1,0,0,3,0.165261,-1.227,1,0,NONE
0x000000000000000000000000000000000000000a,0x000000000000000000000000000000000000000a,0x000000000000000000000000000000000000006d,0.080282,26369,43.15,2024-09-03 07:30:00,7,1,0,0,2,0.136995,1.185,2,0,NONE
0x0000000000000000000000000000000000000007,0x0000000000000000000000000000000000000007,0x0000000000000000000000000000000000000070,0.139818,49301,23.0,2024-09-03 08:30:00,8,1,0,0,2,0.15779,0.356,1,0,NONE
0x0000000000000000000000000000000000000002,0x0000000000000000000000000000000000000002,0x000000000000000000000000000000000000007a,0.12665,78678,29.34,2024-09-03 08:48:00,8,1,1,0,1,0.142914,0.66,3,0,NONE
0x0000000000000000000000000000000000000006,0x0000000000000000000000000000000000000006,0x0000000000000000000000000000000000000081,0.008732,40335,35.73,2024-09-03 09:30:00,9,1,0,0,1,0.014995,-0.135,2,0,NONE
0x0000000000000000000000000000000000000002,0x0000000000000000000000000000000000000002,0x000000000000000000000000000000000000006f,0.078631,52015,48.74,2024-09-03 10:28:00,10,1,0,0,3,0.143547,-0.445,3,0,NONE
0x0000000000000000000000000000000000000008,0x0000000000000000000000000000000000000008,0x0000000000000000000000000000000000000070,0.241598,35275,77.77,2024-09-03 10:52:00,10,1,0,0,2,0.338915,0.985,2,0,NONE
0x0000000000000000000000000000000000000005,0x0000000000000000000000000000000000000005,0x0000000000000000000000000000000000000068,0.029714,32219,56.11,2024-09-03 11:50:00,11,1,0,0,3,0.044762,1.272,0,0,NONE
0x0000000000000000000000000000000000000007,0x0000000000000000000000000000000000000007,0x0000000000000000000000000000000000000077,0.035112,46998,77.82,2024-09-03 13:44:00,13,1,0,0,3,0.049508,1.478,3,0,NONE
0x0000000000000000000000000000000000000002,0x0000000000000000000000000000000000000002,0x000000000000000000000000000000000000006d,0.09164,26582,79.57,2024-09-03 15:20:00,15,1,0,0,2,0.174984,0.872,1,0,NONE
0x0000000000000000000000000000000000000014,0x0000000000000000000000000000000000000014,0x0ddb545b61eaaa65a1d770eac704e80ea2466cd7,0.097098,21000,35.0,2024-09-04 10:03:00,10,2,1,0,8,0.097,1.819,3,1,SMURFING
0x0000000000000000000000000000000000000014,0x0000000000000000000000000000000000000014,0xb2a0f778809d644453ab3cce264ae04f909e21ba,0.095613,21000,35.0,2024-09-04 10:06:00,10,2,1,0,8,0.194,2.174,3,1,SMURFING
0x0000000000000000000000000000000000000014,0x0000000000000000000000000000000000000014,0x6e93561538da9a90170fad328135f15a9343e6ea,0.098145,21000,35.0,2024-09-04 10:09:00,10,2,1,0,8,0.291,1.648,3,1,SMURFING
0x0000000000000000000000000000000000000014,0x0000000000000000000000000000000000000014,0xbeccf7609249ee3a79d19c4e1521ad35560f1e2d,0.097193,21000,35.0,2024-09-04 10:12:00,10,2,1,0,8,0.388,1.763,3,1,SMURFING
0x0000000000000000000000000000000000000014,0x0000000000000000000000000000000000000014,0xb2a7a475c61967736f3acf3380777ac56605de3c,0.098048,21000,35.0,2024-09-04 10:15:00,10,2,1,0,8,0.485,1.981,3,1,SMURFING
0x0000000000000000000000000000000000000014,0x0000000000000000000000000000000000000014,0x9242ba54a6f9c0e165339cf07ce4770e32b73d80,0.097245,21000,35.0,2024-09-04 10:18:00,10,2,1,0,8,0.582,2.497,3,1,SMURFING
0x0000000000000000000000000000000000000014,0x0000000000000000000000000000000000000014,0x9375ee61ec94503eaf4afcdd52cb1ae06e18c9b3,0.09545,21000,35.0,2024-09-04 10:21:00,10,2,1,0,8,0.679,1.914,3,1,SMURFING
0x0000000000000000000000000000000000000014,0x0000000000000000000000000000000000000014,0xcd840a47fd7b1279d25355159dc0a8b55987038a,0.097493,21000,35.0,2024-09-04 10:24:00,10,2,1,0,8,0.776,1.94,3,1,SMURFING
0x0000000000000000000000000000000000000010,0x0000000000000000000000000000000000000010,0xDEAD000000000000000000000000000000000001,0.768,21000,150.0,2024-09-13 10:00:30,10,4,1,0,6,3.2815,3.321,3,1,DRAIN_ATTACK
0x0000000000000000000000000000000000000010,0x0000000000000000000000000000000000000010,0xDEAD000000000000000000000000000000000001,0.7874,21000,150.0,2024-09-13 10:01:00,10,4,0,0,6,3.2864,4.925,3,1,DRAIN_ATTACK
0x0000000000000000000000000000000000000010,0x0000000000000000000000000000000000000010,0xDEAD000000000000000000000000000000000001,1.0829,21000,150.0,2024-09-13 10:01:30,10,4,0,0,6,7.4092,4.872,3,1,DRAIN_ATTACK
0x0000000000000000000000000000000000000010,0x0000000000000000000000000000000000000010,0xDEAD000000000000000000000000000000000001,1.3855,21000,150.0,2024-09-13 10:02:00,10,4,0,0,6,3.4418,3.662,3,1,DRAIN_ATTACK
0x0000000000000000000000000000000000000010,0x0000000000000000000000000000000000000010,0xDEAD000000000000000000000000000000000001,1.5768,21000,150.0,2024-09-13 10:02:30,10,4,0,0,6,3.1178,5.763,3,1,DRAIN_ATTACK
0x0000000000000000000000000000000000000010,0x0000000000000000000000000000000000000010,0xDEAD000000000000000000000000000000000001,1.4836,21000,150.0,2024-09-13 10:03:00,10,4,0,0,6,11.3556,5.496,3,1,DRAIN_ATTACK
0x0000000000000000000000000000000000000014,0x0000000000000000000000000000000000000014,0x0000000000000000000000000000000000000068,32.0745,21000,30.0,2024-09-29 12:00:00,12,6,1,1,1,26.0859,6.233,3,1,LARGE_TRANSFER
0x0000000000000000000000000000000000000011,0xcde55848b19c905e57e0a1f10384066149a5baeb,0x0000000000000000000000000000000000000011,500.0,300000,200.0,2024-10-23 10:00:00,10,2,0,1,3,500.0,15.0,3,1,FLASH_LOAN_PATTERN
0x0000000000000000000000000000000000000011,0x0000000000000000000000000000000000000011,0x54f5df7005d2d205789fed9673373c2f4e1c3762,498.5,300000,200.0,2024-10-23 10:00:12,10,2,1,0,3,998.5,15.0,3,1,FLASH_LOAN_PATTERN
0x0000000000000000000000000000000000000014,0x0000000000000000000000000000000000000014,0xBAD0000000000000000000000000000000000000,1.8661,250000,60.0,2024-10-26 11:00:00,11,5,1,0,1,2.3759,3.098,3,1,HONEYPOT_INTERACTION
0x0000000000000000000000000000000000000010,0x0000000000000000000000000000000000000010,0x000000000000000000000000000000000000007c,0.045318,21000,50.0,2024-11-09 10:00:00,10,5,0,0,15,1.043192,0.682,1,1,VELOCITY_SPIKE
0x0000000000000000000000000000000000000010,0x0000000000000000000000000000000000000010,0x0000000000000000000000000000000000000080,0.085739,21000,50.0,2024-11-09 10:00:40,10,5,0,0,15,1.317251,1.328,1,1,VELOCITY_SPIKE
0x0000000000000000000000000000000000000010,0x0000000000000000000000000000000000000010,0x0000000000000000000000000000000000000067,0.097714,21000,50.0,2024-11-09 10:01:20,10,5,0,0,15,1.214683,0.885,1,1,VELOCITY_SPIKE
0x0000000000000000000000000000000000000010,0x0000000000000000000000000000000000000010,0x0000000000000000000000000000000000000072,0.032245,21000,50.0,2024-11-09 10:02:00,10,5,0,0,15,1.494535,0.699,1,1,VELOCITY_SPIKE
0x0000000000000000000000000000000000000010,0x0000000000000000000000000000000000000010,0x000000000000000000000000000000000000007b,0.07939,21000,50.0,2024-11-09 10:02:40,10,5,0,0,15,1.021139,1.482,1,1,VELOCITY_SPIKE
0x0000000000000000000000000000000000000010,0x0000000000000000000000000000000000000010,0x0000000000000000000000000000000000000073,0.045021,21000,50.0,2024-11-09 10:03:20,10,5,0,0,15,1.461214,1.436,1,1,VELOCITY_SPIKE
0x0000000000000000000000000000000000000010,0x0000000000000000000000000000000000000010,0x0000000000000000000000000000000000000069,0.066625,21000,50.0,2024-11-09 10:04:00,10,5,0,0,15,0.542186,1.437,1,1,VELOCITY_SPIKE
0x0000000000000000000000000000000000000010,0x0000000000000000000000000000000000000010,0x0000000000000000000000000000000000000074,0.020993,21000,50.0,2024-11-09 10:04:40,10,5,0,0,15,0.98123,0.799,1,1,VELOCITY_SPIKE
0x0000000000000000000000000000000000000010,0x0000000000000000000000000000000000000010,0x000000000000000000000000000000000000006f,0.089877,21000,50.0,2024-11-09 10:05:20,10,5,0,0,15,1.363658,0.718,1,1,VELOCITY_SPIKE
0x0000000000000000000000000000000000000010,0x0000000000000000000000000000000000000010,0x0000000000000000000000000000000000000067,0.031237,21000,50.0,2024-11-09 10:06:00,10,5,0,0,15,0.934162,0.515,1,1,VELOCITY_SPIKE
0x0000000000000000000000000000000000000010,0x0000000000000000000000000000000000000010,0x000000000000000000000000000000000000007d,0.034849,21000,50.0,2024-11-09 10:06:40,10,5,0,0,15,0.61965,1.289,1,1,VELOCITY_SPIKE
0x0000000000000000000000000000000000000010,0x0000000000000000000000000000000000000010,0x0000000000000000000000000000000000000064,0.097195,21000,50.0,2024-11-09 10:07:20,10,5,0,0,15,1.081077,1.191,1,1,VELOCITY_SPIKE
0x0000000000000000000000000000000000000010,0x0000000000000000000000000000000000000010,0x000000000000000000000000000000000000007a,0.063659,21000,50.0,2024-11-09 10:08:00,10,5,0,0,15,0.871399,0.589,1,1,VELOCITY_SPIKE
0x0000000000000000000000000000000000000010,0x0000000000000000000000000000000000000010,0x0000000000000000000000000000000000000069,0.054993,21000,50.0,2024-11-09 10:08:40,10,5,0,0,15,1.185945,0.838,1,1,VELOCITY_SPIKE
0x0000000000000000000000000000000000000010,0x0000000000000000000000000000000000000010,0x000000000000000000000000000000000000007c,0.066262,21000,50.0,2024-11-09 10:09:20,10,5,0,0,15,0.559775,1.145,1,1,VELOCITY_SPIKE
0x0000000000000000000000000000000000000012,0x60b57717b072afc80577610831662c94bbb24366,0x0000000000000000000000000000000000000012,0.38976,80000,120.0,2024-12-23 10:02:00,10,0,0,0,8,1.501392,2.079,2,1,RUG_PULL
0x0000000000000000000000000000000000000012,0x8b2ab7592fc6c4e691135d7e309526217d76ab58,0x0000000000000000000000000000000000000012,0.229472,80000,120.0,2024-12-23 10:04:00,10,0,0,0,8,1.936789,3.735,2,1,RUG_PULL
0x0000000000000000000000000000000000000012,0x290c44148df50b01dc4db762ea1af7d2994316bb,0x0000000000000000000000000000000000000012,0.312455,80000,120.0,2024-12-23 10:06:00,10,0,0,0,8,1.898768,3.639,2,1,RUG_PULL
0x0000000000000000000000000000000000000012,0xe207db202f7f2cd7bbd0fe6c6108ffcc8186722b,0x0000000000000000000000000000000000000012,0.347894,80000,120.0,2024-12-23 10:08:00,10,0,0,0,8,1.72815,3.24,2,1,RUG_PULL
0x0000000000000000000000000000000000000012,0xaee7c7a586296fbe309b48dd63329992d1ad3e51,0x0000000000000000000000000000000000000012,0.406294,80000,120.0,2024-12-23 10:10:00,10,0,0,0,8,1.308263,2.566,2,1,RUG_PULL
0x0000000000000000000000000000000000000012,0x0000000000000000000000000000000000000012,0xDEAD000000000000000000000000000000000003,22.8181,21000,200.0,2024-12-23 10:11:00,10,0,1,1,9,14.3197,8.093,3,1,RUG_PULL
0x0000000000000000000000000000000000000013,0x0000000000000000000000000000000000000013,0xb55beaaacb53f0be5e7b4866d27054706a7be8b1,0.104472,21000,40.0,2025-02-12 10:01:00,10,2,1,1,10,0.0,1.793,3,1,LAYERING
0x0000000000000000000000000000000000000013,0x0000000000000000000000000000000000000013,0xf1d188b913f392894dccb05dd59ef0fd1204f4d6,0.093458,21000,40.0,2025-02-12 10:02:00,10,2,1,1,10,0.1,1.826,3,1,LAYERING
0x0000000000000000000000000000000000000013,0x0000000000000000000000000000000000000013,0xb9a4de2b19e9e3a418dcceb684fcfcb0f5e90352,0.103792,21000,40.0,2025-02-12 10:03:00,10,2,1,1,10,0.2,1.576,3,1,LAYERING
0x0000000000000000000000000000000000000013,0x0000000000000000000000000000000000000013,0x9bc0fa9352cdadefb9d276f4d37ee4716e3b0507,0.108153,21000,40.0,2025-02-12 10:04:00,10,2,1,1,10,0.3,1.595,3,1,LAYERING
0x0000000000000000000000000000000000000013,0x0000000000000000000000000000000000000013,0xf62ecf885c29850b410bfc29be9cafcfed17f6e9,0.096008,21000,40.0,2025-02-12 10:05:00,10,2,1,1,10,0.4,1.731,3,1,LAYERING
0x0000000000000000000000000000000000000013,0x0000000000000000000000000000000000000013,0xb9efaad6000cd21a65a7ba30f5b70dd9728f5897,0.101526,21000,40.0,2025-02-12 10:06:00,10,2,1,1,10,0.5,1.078,3,1,LAYERING
0x0000000000000000000000000000000000000013,0x0000000000000000000000000000000000000013,0x84820c08042c65ad9883e9b148d3d2cefba3091f,0.091118,21000,40.0,2025-02-12 10:07:00,10,2,1,1,10,0.6,1.771,3,1,LAYERING
0x0000000000000000000000000000000000000013,0x0000000000000000000000000000000000000013,0x5b0c417075dacbbe09a9161a18233383279b637c,0.096959,21000,40.0,2025-02-12 10:08:00,10,2,1,1,10,0.7,1.817,3,1,LAYERING
0x0000000000000000000000000000000000000013,0x0000000000000000000000000000000000000013,0x95082801e3be7ca05df924fb43d643ed236eb832,0.09833,21000,40.0,2025-02-12 10:09:00,10,2,1,1,10,0.8,1.868,3,1,LAYERING
0x0000000000000000000000000000000000000013,0x0000000000000000000000000000000000000013,0xbbf8da9137a9f824eafa4d5b91ae3d4c66592d83,0.107396,21000,40.0,2025-02-12 10:10:00,10,2,1,1,10,0.9,1.227,3,1,LAYERING
